Employee ID,Name,Email,Department,Designation,Salary,Date of Joining
1,Jivin Sanghvi,jayeshsachdeva@rau-shetty.com,Admin,HR Executive,1494496,2023-03-24
2,Ryan Bala,dhanush10@hotmail.com,Admin,Senior Software Engineer,981164,2017-01-31
3,Miraan Chacko,ddave@gmail.com,R&D,HR Executive,1289428,2020-10-26
4,Zain Handa,gopalaaina@lall.com,Sales,Marketing Specialist,1927130,2017-09-15
5,Siya Kale,hariaarush@hotmail.com,HR,Sales Executive,1223716,2017-09-03
6,Charvi Kaur,shalvchandran@yahoo.com,Sales,Finance Analyst,1612976,2018-04-16
7,Aradhya Luthra,vasadivyansh@hotmail.com,IT,Finance Analyst,1524128,2018-09-11
8,Adah Borde,wagarwal@ranganathan.info,HR,Finance Analyst,1537758,2015-11-16
9,Lavanya Kalla,iloyal@yahoo.com,IT,Marketing Specialist,1270886,2019-03-31
10,Ranbir Ravi,hazel37@dalia.info,Engineering,HR Executive,1403010,2018-01-01
11,Umang Mani,pdara@gmail.com,Operations,Software Engineer,1746054,2019-07-27
12,Renee Kannan,kalemannat@sagar.com,HR,Senior Software Engineer,323342,2024-01-11
13,Nitara Borde,priyanshsinha@yahoo.com,Operations,Senior Software Engineer,661509,2022-03-12
14,Jayant Bir,neysaghosh@arya.com,IT,Senior Software Engineer,1629811,2020-08-28
15,Taran Sarna,fbhandari@wagle.com,HR,Manager,1522595,2019-06-05
16,Zara Varma,gatik74@sachar.com,R&D,Manager,1156750,2025-01-29
17,Zara Sankaran,yramachandran@sur.biz,Engineering,Admin Assistant,1244948,2018-10-26
18,Jayan Ganesh,veerdugal@dugar.com,R&D,Software Engineer,737680,2023-07-18
19,Kiaan Chaudhary,yasminraja@yahoo.com,Admin,Admin Assistant,323512,2022-04-14
20,Zeeshan Bera,adira60@kamdar.net,Engineering,Senior Software Engineer,332423,2016-03-13
21,Adah Sastry,rajmadhup@ganesh.com,Admin,Operations Manager,1223521,2020-03-17
22,Shlok Sane,grovermohanlal@mannan.info,Support,Team Lead,1280281,2017-11-24
23,Fateh Badami,zarabatra@walla.net,HR,Software Engineer,566676,2021-05-02
24,Indrajit Sheth,tchana@tara.com,Support,Team Lead,919280,2020-08-06
25,Anahi Mann,sanghajiya@gmail.com,Support,Team Lead,1084532,2018-09-25
26,Stuvan Raj,shray81@deo.com,IT,Senior Software Engineer,900984,2016-12-07
27,Purab Bhardwaj,tsinghal@gmail.com,Engineering,Senior Software Engineer,1060909,2021-11-13
28,Siya Date,devanshchad@mander-sangha.info,Admin,Admin Assistant,403613,2018-06-09
29,Kashvi Wadhwa,sluthra@salvi.biz,Finance,Marketing Specialist,1971565,2020-10-03
30,Gokul Mandal,raghav82@yahoo.com,Sales,Operations Manager,1359900,2018-07-15
31,Umang Lalla,shlok61@balay.com,Support,Manager,347781,2018-10-14
32,Jivin Bandi,seher48@hotmail.com,Finance,Team Lead,1433467,2016-09-10
33,Faiyaz Dugal,samilavanya@hotmail.com,HR,Marketing Specialist,538978,2015-08-03
34,Ehsaan Sabharwal,psrivastava@gmail.com,HR,Admin Assistant,589652,2018-03-18
35,Vihaan Chakrabarti,skeer@hotmail.com,Marketing,Software Engineer,1824108,2020-01-28
36,Faiyaz Edwin,ladveer@dora.com,Marketing,Sales Executive,1844480,2016-02-09
37,Jiya Lad,adira54@vig.org,Admin,Software Engineer,780667,2020-04-12
38,Dhanush Dua,dhawanpranay@yahoo.com,Operations,Team Lead,1755100,2019-01-22
39,Sana Madan,dattakimaya@hotmail.com,Admin,Manager,1075528,2015-02-24
40,Aaryahi Bajwa,madhupsaini@yahoo.com,R&D,Marketing Specialist,1285566,2015-03-08
41,Rhea Gupta,elanka@mahal-khalsa.com,Marketing,Operations Manager,637393,2016-09-18
42,Amira Buch,dugalhazel@sundaram.com,IT,Admin Assistant,1600019,2023-03-04
43,Jivin Din,mehulhegde@yahoo.com,IT,Finance Analyst,790188,2019-01-10
44,Anya Chaudhary,qyadav@hotmail.com,Operations,Finance Analyst,1947631,2025-01-29
45,Yuvaan Warrior,rhea53@badal.com,IT,Finance Analyst,815534,2016-07-26
46,Priyansh Khurana,rwagle@hotmail.com,HR,Software Engineer,1922706,2018-12-08
47,Alia Talwar,trivedirati@hotmail.com,Admin,Finance Analyst,1980541,2022-04-21
48,Sahil Batra,gatikthakkar@korpal.net,Support,Software Engineer,1359593,2022-03-23
49,Onkar Basak,sulechirag@hotmail.com,Engineering,Software Engineer,639065,2016-07-14
50,Farhan Boase,ezacharia@yahoo.com,Sales,Finance Analyst,1185046,2016-09-10
51,Shray Reddy,sarmahazel@hotmail.com,Engineering,Senior Software Engineer,557291,2020-11-16
52,Rania Sarraf,gchakrabarti@ranganathan-kumer.com,IT,Software Engineer,1021637,2024-03-10
53,Kabir Kar,kotadamini@gmail.com,HR,Sales Executive,828874,2022-12-02
54,Lakshay Dugar,kjohal@kulkarni.com,Sales,Team Lead,1385092,2019-08-06
55,Kabir Raval,taran87@hotmail.com,Admin,Operations Manager,550787,2025-01-18
56,Vivaan Hegde,aniruddhbhalla@yahoo.com,Marketing,Finance Analyst,667319,2023-01-01
57,Ranbir Mallick,sanghaamani@yahoo.com,R&D,Sales Executive,1038027,2021-05-06
58,Inaaya  Sheth,fchand@gmail.com,Support,Marketing Specialist,562764,2022-08-05
59,Anahita Soni,hsane@yahoo.com,Engineering,Senior Software Engineer,355786,2020-04-08
60,Vritika Sunder,devansh44@yahoo.com,R&D,HR Executive,1296289,2017-08-16
61,Adira Sathe,sachdevkanav@hotmail.com,Admin,Finance Analyst,1174225,2019-07-14
62,Darshit Chanda,kagate@vaidya-setty.com,HR,Admin Assistant,1578805,2024-11-20
63,Madhav Devi,jloke@kale.biz,Finance,Finance Analyst,391273,2015-11-07
64,Shray Dugal,parinaaz41@bhardwaj-venkatesh.com,R&D,Finance Analyst,1678206,2017-08-20
65,Shayak Rastogi,semkanav@dube.com,Finance,Team Lead,1078161,2015-11-17
66,Kanav Dayal,neelofartank@hotmail.com,IT,Manager,487648,2023-11-28
67,Keya Dugal,trivediela@yahoo.com,IT,HR Executive,1141392,2023-09-19
68,Vardaniya Kannan,ritviksekhon@hotmail.com,IT,Operations Manager,1527424,2022-03-16
69,Ryan Saxena,varmahrishita@de.com,IT,Sales Executive,887040,2019-11-30
70,Divij Magar,kchadha@chakrabarti.info,Finance,Software Engineer,1306389,2015-02-20
71,Saanvi Mall,veerkaur@buch.org,Operations,Finance Analyst,836461,2018-12-04
72,Manikya Bedi,divij84@bali.com,Engineering,HR Executive,1118791,2018-03-12
73,Mohanlal Dash,wabletrisha@cherian.info,IT,Manager,325920,2018-12-05
74,Kismat Balay,pbhattacharyya@hotmail.com,Finance,Marketing Specialist,1903514,2017-08-14
75,Suhana Deshpande,nehmat44@gmail.com,HR,Sales Executive,1188182,2022-02-15
76,Ehsaan Sekhon,lcontractor@gmail.com,Finance,Marketing Specialist,1228696,2018-02-14
77,Aarav Shroff,vkhare@shah.com,HR,Senior Software Engineer,1559135,2024-08-18
78,Ritvik Saini,gangulyyakshit@yahoo.com,Operations,Manager,820512,2016-03-17
79,Fateh Deol,johalaarna@hotmail.com,Operations,Finance Analyst,1936154,2016-08-08
80,Vritika Sha,divitahluwalia@hotmail.com,Admin,HR Executive,729717,2022-07-07
81,Taimur Dhawan,tooraayush@yahoo.com,Engineering,Marketing Specialist,1157923,2022-01-16
82,Shanaya Dave,amirabhat@hotmail.com,Support,Software Engineer,1754070,2021-04-28
83,Oorja Sha,ritvikgrover@grover.com,Finance,Senior Software Engineer,1208345,2022-01-28
84,Veer Dewan,elagaba@hotmail.com,Marketing,Team Lead,1926181,2019-05-08
85,Anaya Tak,arnav76@gmail.com,HR,Software Engineer,1298050,2023-02-03
86,Mahika Rajan,sairasharma@yahoo.com,Marketing,Operations Manager,899864,2018-02-21
87,Yakshit Kota,riaan17@hotmail.com,R&D,Operations Manager,1126914,2019-04-29
88,Taimur Chhabra,reyansh64@gmail.com,Operations,Team Lead,603571,2018-05-12
89,Ojas Chacko,urvi06@yahoo.com,Finance,Marketing Specialist,1266224,2015-02-21
90,Shalv Shan,zeeshanmammen@hotmail.com,Operations,Marketing Specialist,1828253,2017-11-21
91,Inaaya  Khanna,svirk@yahoo.com,Sales,HR Executive,1685210,2020-01-04
92,Pihu Saha,jayant91@gmail.com,Support,Senior Software Engineer,1997285,2016-04-13
93,Saanvi Chaudry,regelagan@sami-arora.org,Admin,Senior Software Engineer,1277622,2018-06-21
94,Madhup Ravi,kohliindrajit@din.com,Admin,Admin Assistant,1864098,2023-07-10
95,Abram Datta,mastershayak@gmail.com,Sales,HR Executive,1228302,2017-08-21
96,Azad Dyal,zain42@chaudhry-singh.info,Finance,Team Lead,1195540,2023-03-07
97,Onkar Mahajan,kimayabakshi@hotmail.com,IT,Team Lead,448613,2022-08-01
98,Yashvi Kala,bhattacharyyayuvraj@jaggi-shenoy.com,Sales,Software Engineer,967450,2017-06-24
99,Hunar Keer,ranialal@rajagopal-devi.net,Admin,Senior Software Engineer,415547,2017-12-17
100,Neelofar Handa,yasmingola@yahoo.com,Operations,Team Lead,1553873,2018-11-09
101,Saanvi Bhasin,qram@yahoo.com,Finance,Senior Software Engineer,411963,2017-07-15
102,Ivan Shroff,rheachadha@yahoo.com,Finance,Marketing Specialist,639049,2024-09-22
103,Azad Sachar,aarushbrahmbhatt@iyer.com,HR,Operations Manager,1339264,2021-05-16
104,Aarav Balasubramanian,zgoyal@sarraf-chander.com,Sales,Finance Analyst,1379893,2016-02-02
105,Ivan Dani,onkargade@vyas-chacko.org,HR,Sales Executive,1387756,2020-02-08
106,Eva Dayal,alisha64@dave.info,Operations,Operations Manager,1718054,2023-11-27
107,Hunar Banerjee,ykhare@buch.com,Engineering,Marketing Specialist,1597703,2016-03-17
108,Prerak Jani,vedikasastry@yahoo.com,Finance,Operations Manager,1256523,2015-02-10
109,Alia Kapoor,amanishere@gmail.com,IT,Software Engineer,1643330,2023-08-17
110,Onkar Anand,evachahal@doctor.com,R&D,Senior Software Engineer,637443,2020-08-28
111,Keya Mannan,priyansh42@ratta.net,Sales,HR Executive,1185796,2022-03-25
112,Adah Seth,salvilagan@balasubramanian.org,Operations,Software Engineer,616443,2017-03-03
113,Badal Brar,chowdhurypihu@chadha-borah.info,Support,Operations Manager,471651,2020-11-23
114,Dhanuk Krish,indrans47@atwal-devan.info,Marketing,Marketing Specialist,1451360,2018-02-21
115,Baiju Dua,stuvanjain@hotmail.com,R&D,Sales Executive,1824747,2020-01-25
116,Faiyaz Magar,nishith32@hotmail.com,Admin,Team Lead,825435,2016-08-19
117,Eva Sachar,emir45@yahoo.com,Marketing,Team Lead,929970,2020-08-27
118,Shayak Jaggi,uraj@gmail.com,Marketing,Marketing Specialist,309396,2016-09-22
119,Lakshit Sengupta,venkataramantiya@gmail.com,Admin,Finance Analyst,1061828,2017-01-06
120,Indrans Sekhon,deyjayant@yahoo.com,Engineering,Marketing Specialist,772669,2020-02-21
121,Rohan Dass,shaanbawa@taneja-mangal.com,IT,Senior Software Engineer,1523006,2017-07-19
122,Rania Kadakia,zwarrior@gmail.com,Marketing,Manager,346916,2015-10-07
123,Yashvi Halder,aniruddh15@yahoo.com,Sales,Admin Assistant,939290,2017-09-25
124,Aniruddh Shere,gardevritika@apte.com,Sales,Senior Software Engineer,552185,2022-04-17
125,Saanvi Raval,anika53@dayal.com,Finance,Sales Executive,969578,2016-03-05
126,Prerak Hayer,sarrafhrishita@hotmail.com,Operations,Operations Manager,427642,2016-11-03
127,Uthkarsh Balasubramanian,rheachakraborty@singhal.com,IT,HR Executive,1128630,2017-01-04
128,Shlok Johal,mammensamaira@tara-madan.com,Engineering,Senior Software Engineer,406968,2016-12-06
129,Suhana Iyengar,ssuresh@hotmail.com,Admin,Software Engineer,1300410,2016-05-25
130,Krish Chadha,anikasehgal@yahoo.com,Marketing,Software Engineer,407444,2023-12-03
131,Fateh Apte,rkamdar@gmail.com,R&D,Marketing Specialist,694021,2021-08-25
132,Mannat Balasubramanian,asridhar@gmail.com,Operations,Finance Analyst,459147,2023-08-10
133,Misha Sathe,krishsoman@rastogi.com,IT,Manager,1463307,2023-04-19
134,Charvi Ghosh,ybuch@mane.com,Support,Team Lead,951215,2020-02-06
135,Jayant Chanda,inaaya-03@hotmail.com,Sales,Marketing Specialist,310173,2016-10-23
136,Hansh Batta,crattan@yahoo.com,Finance,Finance Analyst,1873147,2023-06-21
137,Inaaya  Bhasin,sanaswaminathan@gmail.com,R&D,Manager,1829945,2017-06-15
138,Aaina Lad,sachdevaalisha@rau.biz,HR,Team Lead,1663250,2016-07-07
139,Nitya Bava,sthaman@hotmail.com,Admin,Finance Analyst,1255149,2018-09-11
140,Kaira Lal,anaywason@yahoo.com,Admin,Senior Software Engineer,1188922,2020-05-02
141,Manjari Rana,charkartik@hotmail.com,Support,HR Executive,454358,2017-09-21
142,Azad Deshpande,seher70@yahoo.com,R&D,Senior Software Engineer,1626350,2017-08-21
143,Khushi Soni,pbath@yahoo.com,Operations,Manager,1445765,2018-12-03
144,Vaibhav Mani,miraya08@sarin.com,Finance,Sales Executive,1656503,2018-10-26
145,Ojas Sekhon,kurianrhea@gmail.com,Finance,Admin Assistant,1756692,2018-11-07
146,Vidur Jhaveri,daminimander@hotmail.com,IT,Sales Executive,775927,2020-02-17
147,Emir Gour,jiya24@gmail.com,Support,HR Executive,385241,2020-01-25
148,Shayak Bose,ybobal@dara.com,Marketing,Software Engineer,872455,2017-02-20
149,Himmat Chauhan,akarshsharaf@yahoo.com,Support,Software Engineer,1320532,2017-10-26
150,Tanya Datta,sandhuindrans@gmail.com,HR,Sales Executive,1909957,2017-09-05
151,Aaina Dhaliwal,yasmin46@chawla.info,HR,Marketing Specialist,1764859,2018-05-21
152,Divit Dhar,ibuch@hotmail.com,IT,HR Executive,1701492,2020-05-03
153,Kaira Rajan,oatwal@chad.com,Finance,Admin Assistant,1352425,2019-01-05
154,Hiran Choudhary,deyira@badal-shetty.com,Operations,Operations Manager,964289,2024-08-25
155,Ira Kaur,neysa69@mander.info,Finance,Team Lead,1218160,2017-06-12
156,Khushi Subramanian,njayaraman@gmail.com,Sales,Admin Assistant,815261,2018-12-09
157,Vaibhav Lala,daliaanahita@gmail.com,R&D,Marketing Specialist,639573,2022-06-19
158,Misha Kibe,drishya50@hotmail.com,Engineering,Manager,457402,2020-10-17
159,Taran Bera,phora@chokshi.info,Support,HR Executive,518872,2024-05-11
160,Vedika Kalla,vritikagoel@suresh-sawhney.com,R&D,Manager,321968,2024-12-11
161,Rhea Bahl,xratti@uppal-sridhar.com,Support,Admin Assistant,1360474,2023-06-08
162,Charvi Mani,indrans54@hotmail.com,Engineering,Manager,1846103,2016-12-31
163,Heer Raju,wsaraf@behl.biz,Admin,Team Lead,1675151,2023-06-23
164,Urvi Sankar,vanya90@goda-vaidya.com,Finance,Finance Analyst,1766844,2019-02-07
165,Zain D’Alia,akarsh51@chand.com,IT,Software Engineer,438418,2023-09-29
166,Renee Ahluwalia,srivastavaaaryahi@dubey-hora.com,HR,Marketing Specialist,833510,2021-02-09
167,Hansh Goda,waliavidur@tara-ramakrishnan.com,Support,Senior Software Engineer,690406,2023-09-14
168,Tanya Mann,pihushenoy@raja.com,Support,Operations Manager,1175368,2016-02-19
169,Lakshay Jayaraman,umangkothari@yahoo.com,Finance,Manager,786338,2018-05-11
170,Baiju Ramesh,sharmabhavin@hotmail.com,IT,Finance Analyst,670473,2024-01-15
171,Urvi Ratti,riyazachariah@gmail.com,Support,HR Executive,582196,2015-07-12
172,Yuvraj  Ranganathan,ganesanshray@hotmail.com,HR,Operations Manager,1989252,2015-06-04
173,Chirag Dave,kbarman@hotmail.com,Marketing,Software Engineer,1108139,2018-09-10
174,Yakshit Bassi,hrishita65@krishnamurthy.com,Sales,Operations Manager,1266568,2016-02-20
175,Advika Chokshi,mannatdalia@srinivasan-shroff.org,Operations,Admin Assistant,1647758,2020-02-03
176,Amira Ganesh,lakshitrama@lala.com,Marketing,Team Lead,1165329,2022-06-11
177,Misha Rau,vagarwal@varughese.com,IT,Admin Assistant,936398,2020-12-21
178,Hiran Kala,mchandra@hotmail.com,Operations,Manager,310984,2022-06-20
179,Seher Choudhary,samairasur@yahoo.com,R&D,Software Engineer,471405,2020-11-16
180,Sara Agarwal,saanvi76@yahoo.com,HR,Sales Executive,829270,2024-07-31
181,Shanaya Chatterjee,kairasrivastava@yahoo.com,Engineering,HR Executive,1723709,2017-07-28
182,Lagan Gokhale,baijusant@gmail.com,R&D,Marketing Specialist,1121491,2018-03-25
183,Yashvi Goel,vmani@hegde.com,Support,Manager,995509,2016-03-08
184,Anvi Suresh,devansh68@gmail.com,Engineering,Operations Manager,1739465,2017-04-14
185,Vidur Thaman,ryansangha@yahoo.com,Finance,Senior Software Engineer,1667893,2023-06-29
186,Lagan Gade,qseth@srinivas-karnik.net,Marketing,Senior Software Engineer,440376,2017-10-15
187,Aaryahi Divan,anaya09@lalla.com,Marketing,Software Engineer,686877,2018-09-16
188,Aarush Shroff,mohanlal31@shroff.com,R&D,Finance Analyst,1259965,2023-08-18
189,Charvi Gokhale,ahana-52@bail.com,Admin,Marketing Specialist,948289,2018-01-05
190,Shamik Sachdeva,ybuch@yahoo.com,Operations,Software Engineer,1141849,2017-09-23
191,Lagan Tailor,adiragolla@ramakrishnan.info,IT,Software Engineer,666439,2022-05-08
192,Kartik Kade,anahita44@kumar.com,Engineering,Team Lead,610110,2015-10-04
193,Misha Borah,zoya34@gmail.com,IT,Team Lead,1947578,2020-07-08
194,Kartik Krishnamurthy,nakulsha@hora.com,IT,Software Engineer,963218,2020-12-29
195,Tanya Rege,indrans48@gmail.com,Finance,Operations Manager,522938,2018-02-16
196,Tejas Verma,echowdhury@bhagat-bal.com,IT,Software Engineer,1437141,2017-05-01
197,Kavya Ratti,edey@yahoo.com,IT,Senior Software Engineer,1668412,2019-09-02
198,Uthkarsh Bava,zsom@guha.com,Operations,Finance Analyst,441813,2015-02-15
199,Ritvik Hari,abram54@sahni.com,Admin,Admin Assistant,749692,2022-09-01
200,Ela Kala,ragarwal@sachdev.com,Engineering,Sales Executive,673125,2020-06-09
201,Ira Sharaf,arnav30@solanki.com,Admin,HR Executive,778319,2017-03-26
202,Baiju Dhillon,kapadiaprisha@gmail.com,Marketing,Software Engineer,1924026,2022-11-27
203,Manikya Vala,kanav13@gmail.com,Engineering,HR Executive,1333546,2021-06-09
204,Dhanush Dey,kimayadate@yahoo.com,R&D,Marketing Specialist,1033195,2018-05-05
205,Kartik Wable,esangha@yohannan-ramaswamy.org,Finance,Operations Manager,1344319,2019-11-09
206,Kaira Kota,shaanchadha@kulkarni-bhat.net,Support,Team Lead,1869334,2018-04-26
207,Kaira Gill,sandhuritvik@borra-sheth.com,Sales,Manager,1859872,2017-05-04
208,Manjari Ramakrishnan,riaan58@mandal.biz,HR,Marketing Specialist,1068659,2016-07-02
209,Shalv Deo,jayaramanshamik@hegde-wable.biz,Support,Marketing Specialist,1100059,2016-02-29
210,Nayantara Lad,anyaghose@dhingra.com,Marketing,HR Executive,607861,2022-03-18
211,Elakshi Sankar,tejaskhurana@raj-mann.biz,Support,Senior Software Engineer,1673687,2018-01-03
212,Kimaya Walia,balaygatik@yahoo.com,Finance,Finance Analyst,1367162,2018-08-22
213,Anahita Dewan,aarushbasu@hotmail.com,Engineering,Manager,1773079,2015-11-12
214,Divyansh Sur,mishashan@yahoo.com,Engineering,Marketing Specialist,1482197,2022-03-28
215,Bhavin Venkatesh,bajwasaksham@yahoo.com,Operations,Software Engineer,1954815,2020-02-21
216,Ryan Bahl,saksham16@gmail.com,IT,Team Lead,1959443,2018-07-21
217,Dharmajan Sachar,lavanyavohra@banik.org,Marketing,Manager,898867,2019-04-24
218,Emir Sani,cbrahmbhatt@yahoo.com,Finance,Manager,1806086,2016-07-11
219,Krish Gola,fsodhi@sachdeva-sane.org,Finance,Marketing Specialist,669979,2020-03-24
220,Divit D’Alia,borahbiju@hotmail.com,Sales,Admin Assistant,764674,2021-09-22
221,Tarini Saraf,mdash@gmail.com,Operations,Senior Software Engineer,1250320,2018-08-26
222,Biju Barad,wadhwadishani@hotmail.com,Admin,Finance Analyst,1670834,2024-10-12
223,Aarush Goda,vdey@hotmail.com,Sales,Senior Software Engineer,1403890,2020-10-04
224,Dishani Sehgal,anahijaggi@hotmail.com,Operations,Finance Analyst,1356090,2019-08-15
225,Ishaan Cherian,prisha17@gmail.com,Sales,Marketing Specialist,1711706,2021-09-21
226,Kashvi Dhar,ishaan86@yahoo.com,Finance,Software Engineer,1484743,2017-01-16
227,Romil Lall,aggarwalnavya@contractor-dayal.com,Admin,Admin Assistant,991246,2020-02-08
228,Shamik Toor,sakshamchokshi@gmail.com,Admin,Sales Executive,717237,2020-09-14
229,Aayush Aggarwal,divit35@yahoo.com,Support,Software Engineer,1929906,2015-10-09
230,Advika Raval,lalachirag@yahoo.com,HR,Senior Software Engineer,342036,2022-07-09
231,Saksham Singh,jghose@hotmail.com,Admin,Admin Assistant,1300092,2017-03-25
232,Shray Babu,chadaanya@jhaveri-basak.com,R&D,Admin Assistant,1974067,2015-11-07
233,Romil Bhakta,gjain@bali.com,Support,Admin Assistant,1742922,2015-08-02
234,Parinaaz Anand,lmadan@dhingra-desai.com,R&D,Software Engineer,1649398,2017-12-07
235,Charvi Soni,nakulbali@hotmail.com,Engineering,HR Executive,880469,2015-11-13
236,Bhavin Bahri,gatik12@yahoo.com,Marketing,Software Engineer,805524,2015-09-24
237,Samarth Hegde,shaharadhya@gopal.biz,Sales,Admin Assistant,1786453,2018-03-27
238,Urvi Bala,yakshit99@ravi.com,Admin,Admin Assistant,526233,2017-02-01
239,Yashvi Kapur,tejasvarty@kulkarni.biz,Support,Operations Manager,1565926,2020-08-08
240,Kaira Thaker,kairavasa@soman.com,R&D,Admin Assistant,1444421,2018-12-16
241,Advik Bhardwaj,barmanaradhya@hotmail.com,Sales,Operations Manager,1910756,2018-03-04
242,Aaina Kunda,jivin96@hotmail.com,Admin,Operations Manager,1121526,2022-12-24
243,Siya Babu,swable@yahoo.com,R&D,Finance Analyst,504174,2019-09-25
244,Shanaya Sahni,jayesh17@yahoo.com,Marketing,Manager,835075,2015-09-05
245,Shray Grewal,nakul82@kunda.com,Admin,Admin Assistant,1347370,2016-03-10
246,Divij Khatri,kalariaan@gmail.com,HR,Admin Assistant,1258488,2017-03-15
247,Kavya Ram,kavyakarnik@gmail.com,Sales,Operations Manager,801816,2015-04-02
248,Shanaya Master,mamooty65@hotmail.com,Finance,Sales Executive,871738,2021-02-27
249,Lagan Tella,rchadha@roy.com,Marketing,Team Lead,1102579,2024-02-21
250,Sumer Bumb,suryuvraj@yahoo.com,Sales,Team Lead,573493,2019-03-06
251,Aarna Anne,randhawaaradhya@taneja.com,IT,Finance Analyst,1609179,2023-09-04
252,Devansh Thaman,ochoudhary@kohli.com,Operations,Finance Analyst,1155560,2021-07-07
253,Ira Som,hiran94@dayal-bansal.com,HR,Marketing Specialist,886557,2024-06-12
254,Neysa Behl,dkumar@yahoo.com,Marketing,Software Engineer,1313110,2021-06-29
255,Zeeshan Sarkar,piya30@saran.com,Admin,Software Engineer,1424199,2022-02-13
256,Taimur Dutt,indranslanka@rege.com,R&D,Finance Analyst,1065819,2017-01-30
257,Hridaan Sood,dbhasin@iyengar-bhardwaj.com,Operations,Finance Analyst,539664,2022-05-07
258,Krish Gulati,amira26@gmail.com,Operations,HR Executive,936857,2023-03-14
259,Jiya Karan,bassisara@guha.biz,Finance,Team Lead,1840522,2023-09-05
260,Zaina Grover,aarna51@banik.com,Operations,Sales Executive,1910798,2020-09-18
261,Ehsaan Gara,mirayasandal@mani.com,Finance,HR Executive,1101781,2024-03-05
262,Zeeshan Salvi,khushi36@ghose-borah.info,Operations,Finance Analyst,874370,2022-03-07
263,Ojas Sehgal,dhruv10@gmail.com,IT,Sales Executive,1176469,2021-12-10
264,Aarav Lad,gbalasubramanian@yahoo.com,Admin,Software Engineer,397027,2015-10-02
265,Tara Saxena,madhup27@hotmail.com,IT,Marketing Specialist,1584616,2017-01-29
266,Gatik Sangha,echandran@butala-dubey.com,Finance,Sales Executive,1666849,2018-10-15
267,Indrans Sama,wchada@hotmail.com,R&D,Manager,893110,2019-04-16
268,Aarna Gera,kalitaindrans@yahoo.com,IT,Team Lead,1590997,2020-02-07
269,Dhanush Keer,hansh27@choudhary.com,Operations,Finance Analyst,614935,2015-09-14
270,Myra Khanna,gourlakshit@gmail.com,IT,Software Engineer,1007619,2017-08-31
271,Jayant Swaminathan,eshani62@yahoo.com,IT,Admin Assistant,1698833,2019-12-28
272,Badal Ahuja,sairasanghvi@char.com,Sales,Operations Manager,1816814,2020-11-02
273,Darshit Shah,pihu35@bora.com,Operations,Operations Manager,1548450,2019-06-09
274,Jivika Karan,azad59@sachdev-bassi.com,Engineering,Marketing Specialist,968886,2021-07-14
275,Yuvaan Sarkar,mangalbiju@yahoo.com,Sales,Senior Software Engineer,1528028,2018-01-05
276,Anya Bajwa,kartikbabu@balay.com,Support,Team Lead,737620,2021-01-09
277,Neysa Andra,amira43@ghose.com,Engineering,Operations Manager,1091695,2020-01-13
278,Pari Bawa,adira48@hotmail.com,Marketing,Admin Assistant,1874783,2017-11-08
279,Vaibhav Raman,elakshiuppal@bava-badal.info,HR,Finance Analyst,1211013,2017-10-24
280,Yuvraj  Dua,vedikamanda@hotmail.com,HR,Software Engineer,951057,2017-08-30
281,Vanya Dhaliwal,baijuchand@kulkarni.com,Admin,Team Lead,851099,2015-07-14
282,Madhup D’Alia,bahrisuhana@yahoo.com,Admin,Marketing Specialist,1397841,2022-07-16
283,Taimur Gopal,rajagopalananay@yahoo.com,Finance,Admin Assistant,1002394,2020-01-07
284,Vihaan Sampath,dbansal@bhatia.com,Admin,Team Lead,1228683,2016-08-31
285,Indrajit Bhakta,odasgupta@hotmail.com,R&D,Marketing Specialist,1286425,2022-04-23
286,Anahi Ghosh,kiarabhattacharyya@iyer.org,Sales,Senior Software Engineer,1276713,2015-07-12
287,Yashvi Shenoy,adirabali@hotmail.com,Engineering,Admin Assistant,1366780,2019-06-24
288,Miraan Ravel,ira41@kunda-bhatti.com,Engineering,Operations Manager,1794819,2019-10-10
289,Aradhya Sagar,anikagrover@yahoo.com,IT,HR Executive,1180134,2021-01-07
290,Veer Srinivasan,anviramesh@gmail.com,Engineering,Software Engineer,1981588,2023-09-12
291,Kartik Babu,nakulkale@gmail.com,Finance,HR Executive,828093,2021-03-05
292,Taran Chander,obhandari@gmail.com,R&D,Operations Manager,1309356,2016-12-12
293,Jayan Bhatti,saanvikant@tata.com,Operations,Sales Executive,1750436,2019-01-13
294,Neysa Uppal,piya20@gmail.com,R&D,Senior Software Engineer,341661,2015-05-30
295,Mehul Krishnamurthy,mmadan@gmail.com,Finance,Sales Executive,1118242,2024-08-27
296,Nayantara Gera,navya80@gmail.com,Support,Operations Manager,1261522,2022-07-23
297,Yakshit Bains,edutta@sen.com,R&D,Marketing Specialist,1842296,2016-10-31
298,Rhea Sarin,rajuyuvraj@chana.info,Engineering,Marketing Specialist,1917443,2017-03-22
299,Samarth Bail,nehmatganguly@hotmail.com,Support,HR Executive,573948,2019-05-21
300,Arhaan Master,gatikkumar@yahoo.com,Marketing,Operations Manager,1216343,2016-01-13
301,Gokul Kunda,jkapur@lad.net,Admin,Finance Analyst,1718405,2015-10-27
302,Madhav Khatri,yashvi11@yahoo.com,IT,Marketing Specialist,1559998,2016-10-01
303,Rhea Ghose,bhallajivika@gmail.com,Admin,Operations Manager,636850,2024-03-14
304,Kiaan Saha,battapurab@gmail.com,R&D,Sales Executive,330156,2024-04-14
305,Kimaya Sane,sahayasmin@balay.com,Marketing,Sales Executive,407393,2016-02-25
306,Anya Bora,othaker@banerjee.com,Admin,Manager,365257,2016-03-15
307,Ehsaan Raja,yashvikalla@yahoo.com,Operations,Team Lead,1923352,2020-10-05
308,Bhavin Khurana,ranadhanush@dhar-gopal.com,Finance,Finance Analyst,1964352,2024-01-21
309,Aarush Chaudry,brahmbhatthimmat@varghese-agate.net,Operations,Operations Manager,567311,2022-01-26
310,Vaibhav Khare,shahnayantara@gmail.com,Marketing,Sales Executive,1784654,2021-05-15
311,Vedika Bhandari,ranbirbedi@thaker-ranganathan.com,Support,Team Lead,827277,2017-11-18
312,Zoya Seshadri,hratti@hotmail.com,HR,Senior Software Engineer,1191612,2021-01-02
313,Jayant Shankar,zwable@chander.biz,HR,Senior Software Engineer,773824,2020-10-19
314,Eshani Rajan,soodmishti@basak.com,Support,Marketing Specialist,1753147,2017-04-12
315,Miraan Walla,lborra@gmail.com,R&D,Marketing Specialist,724036,2024-10-21
316,Yakshit Mangal,ehsaan90@karnik.com,Engineering,Senior Software Engineer,1151157,2022-01-13
317,Veer Mani,pihu30@subramanian.com,R&D,Finance Analyst,1583380,2023-07-22
318,Ivan Rattan,anvi34@hora-ramanathan.org,Sales,Admin Assistant,1816884,2016-08-13
319,Neelofar Bala,valanavya@yahoo.com,HR,Operations Manager,1676428,2017-12-07
320,Veer Ramachandran,gatik06@gmail.com,Admin,Admin Assistant,1178720,2019-04-26
321,Yakshit Date,vidurdayal@ahuja-brahmbhatt.biz,Admin,Marketing Specialist,615951,2015-02-09
322,Myra Din,trishaagarwal@hotmail.com,Marketing,Sales Executive,1626709,2015-10-20
323,Ishaan Handa,jiya66@chahal.info,Engineering,Software Engineer,905912,2021-11-07
324,Zara Dhingra,bahrilakshay@yahoo.com,Admin,Admin Assistant,1815442,2020-11-02
325,Neelofar Gokhale,virkranbir@hotmail.com,Support,Sales Executive,1247296,2021-11-20
326,Aniruddh Banik,nitara03@gmail.com,Marketing,Software Engineer,1880743,2015-10-31
327,Uthkarsh Bose,yasminkhosla@gmail.com,Operations,Marketing Specialist,539333,2022-10-23
328,Sumer Goswami,saxenakrish@gulati-doctor.com,R&D,HR Executive,733953,2016-06-16
329,Shamik Shetty,armaandugal@yahoo.com,Support,Sales Executive,1544252,2020-01-04
330,Ishaan Chakrabarti,bainsfaiyaz@chacko.com,R&D,Finance Analyst,315045,2019-07-14
331,Hiran Bhagat,lakshay32@hotmail.com,Engineering,Finance Analyst,605047,2022-01-22
332,Miraan Gara,cbasu@chander.org,Engineering,Software Engineer,1102051,2017-07-08
333,Saira Dora,arhaandugar@kohli.biz,Sales,Finance Analyst,1820796,2022-03-21
334,Tejas Chakrabarti,mohanlal53@mane.info,R&D,Team Lead,775007,2015-03-29
335,Tushar Venkataraman,ranbir20@singhal-khare.org,Operations,Admin Assistant,443721,2024-12-24
336,Damini Raja,borahbadal@hotmail.com,Marketing,Software Engineer,1446169,2023-07-18
337,Nehmat Venkataraman,kaultara@gmail.com,IT,Team Lead,1967462,2020-05-25
338,Tarini Agrawal,sabharwaldishani@soni-goel.info,Marketing,Software Engineer,962368,2015-04-12
339,Divyansh Goswami,akarshvarma@hotmail.com,IT,Software Engineer,721308,2016-11-13
340,Vaibhav Bali,saksham07@gmail.com,Sales,Finance Analyst,348761,2022-09-12
341,Pihu Wali,cramesh@hotmail.com,Sales,HR Executive,520278,2018-01-26
342,Adah Chander,hazelwarrior@yahoo.com,Admin,Operations Manager,842789,2021-09-16
343,Miraan Garg,sawhneybhamini@doshi.biz,Finance,HR Executive,1568301,2021-04-18
344,Siya Randhawa,sethtejas@gmail.com,HR,Senior Software Engineer,1699869,2017-10-30
345,Raghav Dave,arnav02@balasubramanian.com,Admin,Admin Assistant,1636612,2020-09-16
346,Kimaya Kannan,fsehgal@hotmail.com,Support,Operations Manager,1756371,2018-06-08
347,Oorja Koshy,zaina52@hotmail.com,R&D,Admin Assistant,714510,2017-08-19
348,Keya Issac,rameshaniruddh@hotmail.com,Operations,Finance Analyst,1613628,2024-08-12
349,Gokul Krishnan,drishya05@hora.info,Finance,Operations Manager,600763,2022-07-21
350,Vaibhav Karnik,ritvikbakshi@gmail.com,Engineering,Senior Software Engineer,1593129,2017-02-10
351,Aaryahi Dara,mishasheth@yahoo.com,IT,Software Engineer,582988,2024-07-07
352,Advik Sami,tankzara@gmail.com,Operations,Senior Software Engineer,1886418,2017-11-05
353,Jayant Varma,jayan35@hotmail.com,Engineering,Operations Manager,1601864,2015-11-09
354,Taimur Kuruvilla,ibhardwaj@agrawal.net,Operations,Manager,1687295,2023-06-06
355,Mannat Borde,samarthwalla@talwar.com,Engineering,Senior Software Engineer,800067,2017-07-27
356,Charvi Dua,majumdartiya@choudhary.com,Engineering,Team Lead,398071,2020-01-25
357,Anay Ganesh,tejas31@gmail.com,Finance,Operations Manager,1860585,2023-09-23
358,Piya Bath,sandalkashvi@yahoo.com,IT,Senior Software Engineer,482070,2020-05-23
359,Sana Wason,arorazoya@yahoo.com,Marketing,Senior Software Engineer,1383337,2019-12-10
360,Tanya Mall,romil52@keer-tandon.org,Finance,HR Executive,1845690,2015-12-27
361,Vanya Kala,reyanshwadhwa@kalita.org,Sales,Finance Analyst,1663441,2020-12-16
362,Arhaan Anne,wdalia@gmail.com,Marketing,Sales Executive,1832143,2018-08-16
363,Hansh Vig,borrayasmin@hotmail.com,Operations,Admin Assistant,1005779,2020-04-16
364,Saira Thakur,asidhu@gmail.com,IT,Software Engineer,1933269,2023-01-23
365,Lakshay Baral,riaanben@gmail.com,Finance,Sales Executive,1136217,2015-10-13
366,Onkar Baria,jvarkey@gmail.com,Operations,Senior Software Engineer,424725,2016-08-18
367,Darshit Hans,umanghayer@amble.biz,Engineering,HR Executive,1583501,2015-12-08
368,Divit Ratti,yohannanpranay@hotmail.com,HR,Sales Executive,386690,2022-09-22
369,Anahita Acharya,ishaan67@sarna.com,Sales,Senior Software Engineer,414041,2024-10-13
370,Tanya Vyas,kimayabhattacharyya@yahoo.com,Finance,HR Executive,1959246,2022-08-16
371,Aarush Goel,ryan10@hotmail.com,Support,Admin Assistant,1687275,2022-10-06
372,Azad Deo,bajwapari@shan.org,R&D,HR Executive,766125,2018-07-26
373,Yuvaan Suresh,shanaya94@hotmail.com,IT,Operations Manager,814151,2015-10-23
374,Eshani Upadhyay,gsandhu@chopra.com,Finance,Software Engineer,1978846,2022-08-17
375,Urvi Arya,jayaramanvivaan@gmail.com,Sales,Software Engineer,707796,2016-07-14
376,Lagan Sachdeva,mishatandon@rajan.org,Support,HR Executive,1603356,2023-03-12
377,Neelofar Saraf,kimaya54@tripathi.com,Admin,Finance Analyst,377687,2024-03-05
378,Navya Bandi,vihaanagrawal@hotmail.com,R&D,HR Executive,1183472,2015-05-13
379,Armaan Seth,mlata@gmail.com,Engineering,Senior Software Engineer,1029681,2022-09-03
380,Gokul Thaman,prisha17@agarwal-mangat.com,Engineering,Marketing Specialist,951998,2015-07-17
381,Khushi Gupta,reyanshramaswamy@hotmail.com,Sales,Operations Manager,918799,2018-10-01
382,Charvi Ganesan,dishanikala@yahoo.com,Engineering,Admin Assistant,302426,2024-03-31
383,Priyansh Kale,venkateshmehul@seth.net,Admin,Sales Executive,1619713,2024-08-27
384,Heer Bhatia,rashade@kapadia.com,Admin,Marketing Specialist,1781893,2015-11-16
385,Shaan Loyal,asodhi@hotmail.com,HR,Operations Manager,1217755,2024-10-05
386,Kismat Varma,neysachander@gokhale.info,Marketing,Finance Analyst,1329360,2018-05-19
387,Inaaya  Sathe,rajarnav@bera.com,Marketing,Software Engineer,346656,2016-09-17
388,Damini Ram,seshadriivan@yahoo.com,R&D,Admin Assistant,582058,2015-10-24
389,Tiya Ravi,skeer@comar.com,Support,Operations Manager,1282822,2018-07-10
390,Tiya Jain,vardaniya49@yahoo.com,Admin,Senior Software Engineer,525149,2024-04-05
391,Tanya Lata,jhanvi50@yahoo.com,R&D,Finance Analyst,1465897,2025-01-11
392,Nitya Sampath,ishitadalia@zacharia.com,HR,Operations Manager,518136,2020-09-29
393,Gatik Chand,shaharhaan@gmail.com,IT,Senior Software Engineer,755322,2023-09-25
394,Siya Anand,badamidarshit@agate.com,R&D,Team Lead,422051,2023-04-30
395,Samar Zacharia,dhanuksankar@hotmail.com,Support,Team Lead,1793388,2018-06-25
396,Miraya Ghosh,chirag91@doctor.com,R&D,Team Lead,1038739,2019-05-02
397,Nirvi Garde,rania83@setty.org,Marketing,Admin Assistant,1089550,2023-06-22
398,Ishita Magar,ranbirsarna@hotmail.com,Sales,Finance Analyst,1573963,2016-12-28
399,Anahita Batra,wmannan@gmail.com,Engineering,Finance Analyst,1323309,2016-02-28
400,Kabir Sengupta,duttaanya@bora.com,Sales,Manager,1180456,2018-09-16
401,Pranay Ganesan,qramakrishnan@gmail.com,IT,Admin Assistant,1474730,2017-06-12
402,Madhup Devi,riyatara@yahoo.com,Admin,Senior Software Engineer,1390162,2018-08-20
403,Navya Tank,prishabath@hotmail.com,Marketing,Finance Analyst,1219302,2024-09-20
404,Ranbir Deol,yuvaanwarrior@yahoo.com,Operations,Sales Executive,1233254,2017-02-01
405,Bhamini Sha,bariaamani@sampath.com,R&D,Software Engineer,1463760,2015-11-10
406,Siya Kara,sumersami@chanda.com,Finance,Admin Assistant,1821164,2021-12-28
407,Ishaan Anne,chadadarshit@viswanathan.com,IT,Operations Manager,1037177,2022-09-22
408,Tarini Dara,siya91@yahoo.com,Operations,Manager,893145,2020-03-02
409,Lagan Chanda,vaibhavmand@dua.com,Operations,Operations Manager,313583,2022-01-27
410,Mannat Sane,rajunirvi@hora-bhatti.com,Finance,Manager,1003798,2024-05-10
411,Neelofar Borra,indrajit79@mandal-tella.biz,Engineering,Sales Executive,714373,2021-08-05
412,Aaina Barman,vidursolanki@bava.com,Marketing,Sales Executive,1946574,2021-02-06
413,Anika Ram,krishlakshay@gmail.com,Sales,Finance Analyst,1810811,2024-04-04
414,Sara Deo,kiaanacharya@hotmail.com,Marketing,Software Engineer,1311711,2016-12-20
415,Heer Gopal,myra25@anand.com,Engineering,Senior Software Engineer,793692,2023-03-08
416,Dharmajan Gandhi,divyanshbala@gmail.com,Finance,HR Executive,1725214,2020-05-06
417,Hridaan Manda,ryangopal@bhasin.com,Admin,Admin Assistant,1544822,2015-11-01
418,Adira Sachdev,dishani18@chandran.net,Operations,Team Lead,942654,2021-09-23
419,Adira Varma,vritika03@yahoo.com,Admin,Manager,714459,2015-05-05
420,Uthkarsh Vasa,xbutala@hotmail.com,HR,HR Executive,374284,2020-02-09
421,Misha Chadha,purab04@hotmail.com,Admin,Team Lead,1052832,2018-02-17
422,Parinaaz Luthra,tacharya@hotmail.com,Sales,Marketing Specialist,320586,2016-05-19
423,Divij Bahl,farhan16@hotmail.com,Engineering,Software Engineer,1114044,2017-05-04
424,Eva Babu,prau@atwal.biz,Sales,Team Lead,432545,2020-09-28
425,Navya Sidhu,saragola@hotmail.com,Marketing,Senior Software Engineer,1532704,2023-09-07
426,Tanya Ahluwalia,barmanhiran@ravi-chaudhary.com,Sales,Manager,1488809,2017-10-09
427,Samar Kadakia,omandal@buch.com,R&D,Admin Assistant,1733521,2016-02-05
428,Aradhya Sachdev,kmandal@hotmail.com,HR,Sales Executive,1829188,2020-12-05
429,Darshit Bali,adviksaini@chand-sandhu.com,Engineering,Team Lead,723701,2015-02-20
430,Charvi Bath,waglekismat@shere.net,Finance,Manager,1005502,2020-10-13
431,Advika Dara,chowdhurymisha@hotmail.com,HR,Manager,1954842,2019-11-07
432,Charvi Raval,divitraja@kapoor-tiwari.com,Sales,Software Engineer,1179224,2015-03-15
433,Ehsaan Chaudhari,acharyataran@borde.com,R&D,Manager,733770,2024-03-10
434,Zaina Bajwa,madhup08@yahoo.com,IT,Software Engineer,606155,2019-12-31
435,Miraan Jaggi,khushi28@yogi-bora.net,Engineering,Team Lead,1241443,2022-04-03
436,Mishti Chopra,hazel93@yahoo.com,Marketing,Marketing Specialist,1146194,2025-01-05
437,Zoya Kale,suriadvik@shankar.biz,Engineering,Senior Software Engineer,1024870,2019-11-23
438,Mamooty Lanka,lakshaydubey@gmail.com,IT,Software Engineer,303983,2019-02-17
439,Divit Chaudhari,navya11@dave-dada.com,Marketing,Operations Manager,1799644,2016-07-25
440,Rasha Sabharwal,gollaurvi@hotmail.com,Finance,Marketing Specialist,1904968,2020-08-11
441,Azad Tank,fgolla@gmail.com,Support,Manager,358268,2017-07-24
442,Jayan Dave,pranaydhar@yahoo.com,Finance,Marketing Specialist,1499706,2022-11-02
443,Hridaan Kara,stuvanlad@subramaniam.com,Admin,Manager,730809,2015-04-04
444,Zeeshan Taneja,goswamihrishita@dhingra.com,Engineering,Admin Assistant,349534,2023-10-21
445,Shray Contractor,chandaalisha@joshi.com,Support,Software Engineer,524136,2019-04-28
446,Anay Sarkar,rattakabir@chowdhury.com,Support,Manager,369203,2024-12-26
447,Vritika Som,asabharwal@hotmail.com,Operations,Operations Manager,486725,2017-02-24
448,Prerak Bandi,chandranirvi@yahoo.com,Finance,Marketing Specialist,1417440,2019-02-04
449,Tiya Chaudhuri,gkhurana@sarna.com,Engineering,Sales Executive,1948481,2017-11-08
450,Diya Yogi,hrishitasaran@divan.org,Admin,Senior Software Engineer,1693408,2024-08-17
451,Vedika Gera,hrout@tara-ranganathan.com,Operations,Manager,1947528,2020-09-06
452,Aradhya Upadhyay,pshroff@hotmail.com,IT,Sales Executive,1106473,2021-06-05
453,Prisha Ganesan,fborah@sachdev.com,Finance,HR Executive,827875,2015-06-18
454,Dhruv Warrior,xsampath@bansal-bhatia.com,Marketing,Senior Software Engineer,318001,2016-11-23
455,Elakshi Gala,bvenkataraman@karpe-char.com,Finance,Software Engineer,413744,2018-08-16
456,Pranay Ben,virkveer@doctor-kala.com,Admin,Software Engineer,1665768,2023-08-19
457,Jivin Roy,kavya78@yahoo.com,Finance,Finance Analyst,393153,2021-03-20
458,Saira Ghose,inaaya-30@ravi.com,Sales,Marketing Specialist,1196065,2023-07-16
459,Adah Shan,ahana-rastogi@yahoo.com,Operations,Operations Manager,574481,2018-11-30
460,Shayak Mann,gkanda@hotmail.com,Marketing,Finance Analyst,1443532,2018-06-10
461,Misha Rattan,rasha21@yahoo.com,Admin,Operations Manager,1087406,2019-10-08
462,Bhamini Malhotra,csarna@yahoo.com,HR,Finance Analyst,638825,2024-03-20
463,Umang Jani,nehmatbali@mangal-kaur.com,Finance,Admin Assistant,1385066,2017-11-11
464,Ojas Lad,somdhruv@gmail.com,IT,Manager,397463,2023-09-21
465,Samar Srinivasan,awalla@yahoo.com,Marketing,Admin Assistant,1777029,2017-12-23
466,Ira Raman,vidurwalla@sami.com,IT,Admin Assistant,1018558,2021-08-23
467,Saksham Bahri,purabseth@yahoo.com,Support,Finance Analyst,1106460,2019-05-21
468,Hunar Venkatesh,zaingokhale@tailor-chaudhary.biz,HR,Software Engineer,1811542,2018-12-09
469,Samar Master,adira63@yahoo.com,Operations,Team Lead,1591908,2021-04-01
470,Ishita Banerjee,farora@hotmail.com,IT,Manager,896856,2019-11-13
471,Damini Kala,yuvraj-07@mane.com,Sales,HR Executive,461499,2019-06-08
472,Aaina Mani,samragatik@yahoo.com,Sales,Finance Analyst,1422544,2019-06-24
473,Neysa Chaudhry,dhingragokul@hotmail.com,Sales,Operations Manager,1225901,2025-01-01
474,Arhaan Tiwari,ntripathi@yahoo.com,R&D,Admin Assistant,889838,2020-06-04
475,Shanaya Subramaniam,choudharyprerak@mani.org,Finance,Admin Assistant,1620964,2022-07-03
476,Chirag Kant,mwason@raval-krishna.com,Sales,Finance Analyst,1400275,2020-05-13
477,Ishaan Dalal,rdevan@karan.com,IT,Manager,1897354,2022-05-12
478,Tejas Bera,nirvaandoctor@yahoo.com,Operations,Marketing Specialist,433232,2023-05-24
479,Eshani Sehgal,ntailor@hotmail.com,Finance,Team Lead,704671,2023-10-11
480,Tushar Hayre,madhavverma@apte-wali.com,Engineering,Team Lead,1649715,2018-09-15
481,Kanav Karpe,raghav29@raj.com,HR,Finance Analyst,714689,2022-08-14
482,Rasha Jhaveri,nirvaankrishna@korpal.info,HR,HR Executive,388001,2023-01-12
483,Aaina Tailor,gokul29@ghosh.com,Marketing,Finance Analyst,557538,2015-07-10
484,Taran Cheema,battakabir@gmail.com,IT,Manager,1325458,2020-04-17
485,Rati Ramakrishnan,mandkrish@mane-rastogi.net,IT,Software Engineer,933378,2016-02-26
486,Jhanvi Bera,bvarughese@kannan.biz,Engineering,Sales Executive,839270,2020-09-11
487,Heer Thakkar,cgopal@hotmail.com,Support,Finance Analyst,1382370,2019-09-16
488,Eva Kata,jsachar@bhatt.org,IT,Marketing Specialist,1607861,2016-10-06
489,Ira Dada,arnav73@deshpande-kamdar.com,Finance,Manager,318020,2017-12-01
490,Tushar Khare,badalbhavin@hotmail.com,IT,Team Lead,1816658,2020-10-04
491,Sahil Sem,bhattmishti@wali.com,HR,Operations Manager,856735,2019-11-18
492,Urvi Kaur,kashyapshayak@kade-ben.biz,Support,Team Lead,1890681,2019-07-02
493,Vritika Khalsa,ydave@kamdar.com,Marketing,Finance Analyst,1445083,2019-01-02
494,Jivika Deol,eva90@agrawal.info,Marketing,Team Lead,1921377,2024-06-24
495,Ritvik Swamy,emir51@krishnamurthy.org,Sales,Finance Analyst,431085,2015-07-30
496,Manjari Sidhu,gratta@hotmail.com,Finance,Marketing Specialist,714618,2024-02-11
497,Ojas Sangha,mdutta@venkataraman.com,Finance,Sales Executive,1168488,2015-10-11
498,Vardaniya Gara,surijivika@yahoo.com,Engineering,Admin Assistant,468275,2022-10-06
499,Yasmin Gera,rameshamira@gmail.com,Admin,Finance Analyst,858516,2018-11-26
500,Bhavin Vala,jayant49@gmail.com,Engineering,Marketing Specialist,1307297,2024-01-16
501,Sumer Balan,taran25@gmail.com,R&D,Sales Executive,1621046,2024-03-03
502,Yakshit Master,kumaraaryahi@hotmail.com,R&D,Marketing Specialist,881966,2016-05-20
503,Alisha Tandon,abramgrewal@yahoo.com,Admin,Marketing Specialist,1040754,2024-07-27
504,Anika Sahni,vardaniyamani@raval.com,Engineering,Finance Analyst,780210,2023-08-08
505,Riaan Karpe,indrajit13@dhillon.com,Support,Manager,1990022,2020-03-17
506,Himmat Keer,vedika27@anne.com,HR,Manager,886640,2017-11-24
507,Ahana  Sekhon,pdas@bala.net,Admin,Operations Manager,1736638,2017-02-27
508,Zara Khosla,yohannanvivaan@yahoo.com,Finance,Sales Executive,488536,2024-07-11
509,Piya Virk,sdora@hotmail.com,R&D,Senior Software Engineer,347992,2016-05-09
510,Vivaan Sharma,oorja02@desai.net,Operations,Marketing Specialist,1462319,2019-06-30
511,Hiran Acharya,stuvan91@vaidya.com,Operations,Senior Software Engineer,860258,2021-05-10
512,Mannat Raman,tgour@sarin.com,Engineering,Admin Assistant,1943358,2018-09-12
513,Tejas Choudhury,kuruvillashanaya@srinivas.com,R&D,Marketing Specialist,1368222,2018-03-29
514,Shalv Ramakrishnan,daralakshit@sehgal-sem.com,Sales,Manager,650498,2015-12-30
515,Hansh Bhattacharyya,chiragramakrishnan@yahoo.com,Support,Manager,327203,2016-09-17
516,Taimur Dhingra,godavihaan@agarwal-mane.org,Admin,Team Lead,1305612,2020-12-08
517,Ojas Randhawa,adirabhardwaj@yahoo.com,Finance,Team Lead,1493991,2023-08-02
518,Hridaan Aurora,aarnaborde@sinha-borde.com,Marketing,HR Executive,360874,2020-07-18
519,Shlok Barad,sagareshani@yahoo.com,Sales,Finance Analyst,431228,2022-04-06
520,Advika Suresh,tankayesha@gmail.com,Support,Operations Manager,1372017,2017-08-06
521,Nishith Dutt,ghoshlakshay@desai-dara.com,Marketing,Team Lead,395802,2018-09-12
522,Shanaya Baral,wadhwajayan@hotmail.com,IT,Admin Assistant,912989,2017-09-02
523,Raunak Din,usengupta@rout-mane.com,IT,Admin Assistant,1625095,2019-04-28
524,Nayantara Buch,dayalbiju@yahoo.com,Engineering,Sales Executive,1753834,2018-10-02
525,Miraan Edwin,aniruddh86@yahoo.com,Marketing,Sales Executive,1939597,2021-08-06
526,Pranay Ravi,sarannayantara@savant.net,Engineering,Team Lead,1912096,2023-10-09
527,Damini Borde,arnav73@dhawan.net,Admin,Team Lead,1192143,2024-11-02
528,Aarna Verma,yashvi55@vaidya-ahluwalia.info,Engineering,Senior Software Engineer,375515,2023-02-25
529,Adah Ravi,usavant@rege.net,Finance,Sales Executive,326615,2023-04-27
530,Dharmajan Sidhu,pgera@gmail.com,Sales,Software Engineer,1873606,2021-03-14
531,Dhanuk Chawla,aniruddhshenoy@gmail.com,Marketing,Team Lead,1408517,2024-04-06
532,Amira Goyal,tushar77@mammen.com,Admin,Marketing Specialist,426230,2018-01-05
533,Stuvan Mahajan,agrawalbhavin@yahoo.com,IT,Finance Analyst,1325552,2020-02-03
534,Ryan Dhillon,jhaurvi@bail.info,Sales,HR Executive,1259938,2022-08-31
535,Ehsaan Kamdar,fjani@hayre.com,Engineering,Senior Software Engineer,341666,2019-08-22
536,Neysa Goda,madhupdhingra@date-chawla.com,Engineering,Team Lead,1321326,2022-02-23
537,Tarini Dixit,toorneysa@gmail.com,Marketing,Sales Executive,1639012,2016-10-21
538,Azad Yadav,tgoel@sankaran.org,Finance,HR Executive,1361848,2016-12-18
539,Ela Atwal,lmammen@chauhan.com,IT,Software Engineer,635477,2020-04-21
540,Aarna Chawla,jayantbadami@gmail.com,Engineering,Sales Executive,1063071,2024-02-20
541,Miraan Kothari,cdyal@bera.biz,Sales,HR Executive,460438,2019-01-18
542,Tara Manne,echopra@shenoy-korpal.org,Sales,Finance Analyst,831147,2023-03-18
543,Vanya Doshi,ivankamdar@sandal.com,Sales,Sales Executive,512915,2024-05-17
544,Anahita Saha,rwali@bhat.com,Finance,Senior Software Engineer,1044866,2022-04-04
545,Nishith Sami,ljha@jayaraman-chakraborty.com,Marketing,Team Lead,1325145,2017-06-29
546,Aarav Dhar,ganesantiya@gmail.com,Finance,HR Executive,1169603,2023-07-06
547,Rati Chand,mbobal@gmail.com,Finance,Software Engineer,1994053,2017-02-09
548,Heer Loyal,shanaya23@gmail.com,Sales,Admin Assistant,1638932,2023-11-27
549,Divij Sarin,nsrinivas@yahoo.com,Admin,Finance Analyst,1088032,2018-04-13
550,Reyansh Sagar,ptalwar@yogi-doshi.com,Sales,Software Engineer,1714898,2019-06-01
551,Amani Bhatia,romilkannan@sawhney-saini.com,Support,Manager,641312,2021-08-15
552,Bhavin Deo,iganesan@mahal.biz,IT,HR Executive,1631269,2015-11-23
553,Renee Sethi,dhanushjha@yahoo.com,Admin,Operations Manager,1005186,2023-11-05
554,Madhup Kala,misha54@kohli-saran.com,Finance,Sales Executive,1807812,2024-07-13
555,Yuvraj  Deshmukh,krishdani@khatri-varty.biz,Engineering,Admin Assistant,1258156,2022-07-14
556,Misha Mangat,shlok69@hotmail.com,Sales,Sales Executive,1205624,2024-10-18
557,Veer Contractor,miraankaran@gmail.com,IT,Marketing Specialist,1450335,2024-12-26
558,Divyansh Dutt,hchawla@hotmail.com,Engineering,Software Engineer,766671,2015-08-14
559,Raghav Rao,psule@gmail.com,Engineering,Software Engineer,791462,2017-10-29
560,Nirvaan Dugar,aradhyaacharya@gmail.com,Sales,Operations Manager,1212058,2017-09-19
561,Zara Vora,biju57@hotmail.com,IT,Marketing Specialist,1711221,2021-10-15
562,Yashvi Dubey,dishanikamdar@hegde.com,Support,Admin Assistant,1248900,2020-10-03
563,Adira Bhatti,kiarabir@yahoo.com,Engineering,Operations Manager,885230,2020-07-24
564,Darshit Raman,csaran@doshi.com,IT,Sales Executive,745754,2020-01-12
565,Shalv Dave,iaggarwal@sangha.net,Finance,Manager,1615445,2021-07-25
566,Renee Deshmukh,mangatindrans@yahoo.com,Admin,Admin Assistant,1513520,2020-09-28
567,Hunar Balan,ritvik48@jaggi-johal.org,HR,Senior Software Engineer,1151571,2016-01-10
568,Renee Wali,amiraramachandran@yahoo.com,Sales,Finance Analyst,1720346,2024-06-19
569,Baiju Cherian,nirviyadav@lal.com,HR,Operations Manager,1185141,2018-04-06
570,Drishya Sundaram,inaaya-choudhary@gmail.com,R&D,HR Executive,805699,2022-09-29
571,Purab Dara,lankashray@chander-ahuja.com,Admin,Manager,1760132,2018-03-31
572,Ojas Wali,mjani@gmail.com,Support,Senior Software Engineer,360804,2023-05-15
573,Anaya Manne,dbose@yahoo.com,Engineering,Software Engineer,1659616,2018-08-21
574,Madhav Chandran,thamanrenee@dasgupta-tripathi.net,Finance,Marketing Specialist,344780,2016-10-23
575,Divij Gandhi,bhaminiacharya@gmail.com,Marketing,Finance Analyst,1440183,2017-01-27
576,Vanya Datta,siyamadan@yahoo.com,Sales,Operations Manager,749304,2024-06-21
577,Adah Solanki,neelofargade@gmail.com,HR,Team Lead,852402,2020-03-17
578,Ira Banik,sodhidevansh@guha.biz,R&D,Operations Manager,1481466,2022-11-26
579,Lakshay Rama,karaanvi@hotmail.com,HR,Software Engineer,858314,2022-10-31
580,Hridaan Bava,anika50@hotmail.com,HR,Finance Analyst,1324937,2015-11-09
581,Amani Thaman,neelofarlad@rao.com,R&D,Team Lead,788560,2024-04-04
582,Charvi Barad,madhavgade@hotmail.com,Admin,Sales Executive,1283587,2016-01-07
583,Amani Tandon,armaan92@hotmail.com,Engineering,Manager,1298103,2020-09-22
584,Aradhya Agate,mamootyramakrishnan@solanki.org,IT,Manager,1893035,2019-01-04
585,Advik Ganesan,kiaanissac@ghose.com,R&D,Software Engineer,1001826,2019-09-18
586,Zaina Anand,kranganathan@hotmail.com,Support,Admin Assistant,1348737,2016-07-05
587,Vidur Mammen,rohankrishna@yahoo.com,Finance,Sales Executive,1010257,2024-11-22
588,Mahika Raman,daminibasak@gmail.com,Admin,Sales Executive,1535019,2015-05-27
589,Anahi Barad,umang13@gmail.com,Engineering,Finance Analyst,943866,2015-07-19
590,Drishya Lala,nityaamble@gmail.com,Marketing,Marketing Specialist,1061445,2024-07-01
591,Jayesh Krish,ramakrishnanpihu@yahoo.com,IT,Marketing Specialist,1832531,2025-01-04
592,Vaibhav Saha,heerchandra@shere-ravi.com,Marketing,Software Engineer,868685,2024-09-12
593,Gokul Jha,dharmajan02@dhillon-chacko.net,Support,Operations Manager,1471965,2018-07-08
594,Shayak Dave,klall@bajaj.biz,IT,Marketing Specialist,776497,2023-08-02
595,Ritvik Warrior,charvidewan@gmail.com,HR,Marketing Specialist,1254331,2024-11-13
596,Nishith Bajaj,shamiksaran@yahoo.com,Engineering,Marketing Specialist,1422001,2024-10-06
597,Tanya Sharma,yuvraj-manda@gmail.com,Support,Admin Assistant,1356977,2020-04-06
598,Azad Chand,igade@handa-ratti.com,Operations,Sales Executive,930202,2015-11-17
599,Manikya Bahri,prerak14@gmail.com,Support,Sales Executive,590214,2017-06-19
600,Ranbir Goda,rajagopalanaarna@yahoo.com,Marketing,Finance Analyst,1755398,2025-01-30
601,Tushar Shere,jhanvibasu@sethi-bava.biz,R&D,Operations Manager,1792776,2017-11-23
602,Neelofar Gola,manjari93@buch.com,Finance,Marketing Specialist,1512428,2024-10-08
603,Faiyaz Bhakta,gandhimanjari@walla.com,Finance,Admin Assistant,1186233,2018-07-18
604,Piya Jha,gkapur@shroff.biz,Admin,Senior Software Engineer,1015015,2023-09-26
605,Emir Lad,shethtejas@gmail.com,Finance,Senior Software Engineer,1630925,2022-09-23
606,Fateh Lala,amiradalal@dani-ratta.biz,Engineering,Marketing Specialist,1909637,2017-11-24
607,Yakshit Kale,deojhanvi@hotmail.com,Operations,Senior Software Engineer,910696,2024-03-29
608,Taimur Kulkarni,uchar@virk.com,IT,Operations Manager,1626472,2020-06-06
609,Raunak Dhar,basulakshay@warrior.com,Admin,Manager,815843,2023-01-24
610,Kaira Kala,anay79@kari-suresh.org,R&D,Finance Analyst,830140,2017-08-28
611,Ivana Sama,mishti33@ahluwalia.biz,Marketing,Senior Software Engineer,334223,2020-04-24
612,Nitya Ganguly,faiyazdatta@yahoo.com,Finance,Team Lead,480464,2024-02-27
613,Rhea Sahota,xsheth@gmail.com,Sales,Manager,812976,2015-10-18
614,Fateh Chaudhry,gkohli@dar.com,Marketing,Sales Executive,1412167,2015-02-07
615,Raghav Sani,madananvi@gmail.com,HR,HR Executive,687072,2018-12-23
616,Akarsh Garde,vsachar@rastogi.org,HR,Team Lead,1488156,2015-03-15
617,Mohanlal Kata,saxenakashvi@ramachandran.biz,IT,Admin Assistant,659623,2022-04-07
618,Dhanuk Loyal,lmagar@yahoo.com,Sales,Team Lead,1210080,2017-08-17
619,Emir Handa,ohari@hotmail.com,Admin,Senior Software Engineer,1345809,2016-07-05
620,Badal Kari,batwal@shan.com,HR,Operations Manager,1764731,2015-06-03
621,Nirvaan Ratta,jghosh@mannan.biz,Support,Finance Analyst,441604,2018-12-28
622,Kismat Gill,kiaanviswanathan@hotmail.com,Marketing,HR Executive,1850903,2021-06-29
623,Gatik Suresh,divyansh15@yahoo.com,Admin,Operations Manager,1990879,2019-07-28
624,Sana Hora,ekrishnan@gmail.com,IT,Marketing Specialist,1745886,2019-09-03
625,Shanaya Dave,arorazoya@yahoo.com,Support,Manager,473758,2018-01-24
626,Gatik Kanda,lbhandari@bose.com,Finance,Admin Assistant,1349782,2015-10-28
627,Seher Agrawal,harikiaan@hotmail.com,Operations,Senior Software Engineer,1698391,2024-08-31
628,Tiya Lall,mannsamar@baral-mandal.com,Marketing,Finance Analyst,543770,2017-11-07
629,Advika Chander,dinshamik@suri-gole.com,Engineering,Marketing Specialist,472630,2020-01-07
630,Arnav Vora,dhruv11@sachdeva-gandhi.com,Sales,Senior Software Engineer,1162794,2018-10-18
631,Dhanush Thaker,urviwalia@master.com,IT,Finance Analyst,1595465,2020-05-08
632,Ela Bedi,shahmannat@warrior.net,Engineering,Software Engineer,1430764,2021-08-06
633,Divit Ben,bailelakshi@kuruvilla.com,Operations,Admin Assistant,904352,2022-05-19
634,Pranay Dhaliwal,riya74@chaudhuri.com,Admin,Finance Analyst,1587848,2017-01-29
635,Hansh Srinivas,gchoudhary@yahoo.com,Support,Operations Manager,597820,2018-07-11
636,Vihaan Viswanathan,adirakannan@dey-master.info,IT,Senior Software Engineer,375216,2020-07-10
637,Ehsaan Ahluwalia,chandranaarush@bhat-ghose.com,Engineering,Senior Software Engineer,1228284,2022-04-25
638,Ela Gupta,krishnamohanlal@kibe.com,HR,Admin Assistant,595782,2015-12-10
639,Vedika Sachdev,ramanyuvaan@balakrishnan-walia.com,R&D,Team Lead,887190,2021-01-18
640,Piya Chandra,romilsami@yahoo.com,R&D,Senior Software Engineer,1986842,2016-12-04
641,Saksham Ganguly,zachariaindranil@soman.org,Finance,Manager,440701,2015-09-07
642,Mehul Mangat,zeeshan34@gmail.com,HR,Sales Executive,1222924,2021-06-16
643,Anaya Kaur,benaaina@sarkar-master.net,Admin,Operations Manager,404281,2020-02-05
644,Ranbir Tata,sara98@yahoo.com,Admin,Finance Analyst,1620088,2024-11-10
645,Darshit Kari,vaibhavsami@hotmail.com,Support,Operations Manager,1092174,2020-02-08
646,Akarsh Suri,neysa53@dada-thakkar.org,Operations,HR Executive,1954908,2015-02-09
647,Rasha Basu,badalkanav@raja-sodhi.info,Operations,Finance Analyst,1876910,2018-02-21
648,Ivan Wagle,hazel02@sachar-jani.com,Support,Senior Software Engineer,1088321,2016-08-15
649,Dhanuk Banerjee,heermahajan@venkatesh-rajagopalan.com,Marketing,Manager,1507946,2018-09-07
650,Rhea Ravi,sidhuoorja@vyas.biz,Support,Marketing Specialist,1147695,2020-03-14
651,Jayan Dugal,ekrishnan@kakar.com,HR,Senior Software Engineer,1654796,2017-09-17
652,Sana Bhatti,sampathvanya@gmail.com,R&D,HR Executive,742741,2021-12-12
653,Pihu Samra,uthkarshcherian@hotmail.com,Finance,Software Engineer,1927472,2024-08-11
654,Shlok Dhaliwal,gsule@gmail.com,Support,Sales Executive,1367863,2018-09-17
655,Rati Sarma,chandanya@garg.com,Engineering,Sales Executive,1032624,2019-10-23
656,Rasha Krish,jivin98@jhaveri-sabharwal.net,Admin,HR Executive,1880405,2018-01-28
657,Samar Agrawal,wbava@yahoo.com,Finance,Senior Software Engineer,1963965,2022-03-01
658,Sana Samra,umanglanka@yahoo.com,Admin,HR Executive,1055974,2017-03-08
659,Nehmat Kulkarni,tarini89@sood.com,R&D,Senior Software Engineer,1474856,2016-10-07
660,Gokul Rattan,aaina21@goel.com,Engineering,HR Executive,1801116,2015-11-12
661,Eshani Wadhwa,nbanik@sood.com,Finance,Operations Manager,973479,2015-05-20
662,Heer Sodhi,madhup74@vala.com,Admin,Admin Assistant,1161063,2023-08-06
663,Nakul Kuruvilla,zbhardwaj@hotmail.com,Admin,Team Lead,936832,2017-01-21
664,Dhruv Bose,suhanatara@ram-bandi.net,Finance,Admin Assistant,484547,2019-07-07
665,Riya Yadav,vihaanbhardwaj@borah-kibe.com,Operations,Senior Software Engineer,1354901,2025-01-08
666,Riya Biswas,akohli@talwar.com,R&D,Admin Assistant,708362,2022-01-27
667,Neysa Vora,owagle@bail.com,IT,Finance Analyst,452602,2016-06-03
668,Dhanuk Bala,trisha27@sekhon.com,Marketing,Senior Software Engineer,1761546,2021-04-18
669,Shlok Deo,walimadhup@bhakta.org,R&D,Admin Assistant,775507,2020-01-30
670,Jayesh Babu,umangsoman@raja.info,Engineering,Team Lead,890940,2015-10-01
671,Onkar Chaudhari,kiarachoudhary@som.net,Finance,Operations Manager,325550,2024-06-19
672,Khushi Bahl,nirvaan91@sachar.com,IT,HR Executive,1178544,2023-03-24
673,Biju Sane,raniaramaswamy@sabharwal-bhalla.org,Sales,Marketing Specialist,1070461,2021-02-26
674,Pihu Kara,vkannan@gmail.com,Operations,Finance Analyst,793817,2019-07-28
675,Tiya Guha,sumer40@hotmail.com,Sales,Operations Manager,1631839,2017-08-25
676,Sana Bahl,bakshianahita@hotmail.com,Admin,Manager,1230822,2023-12-20
677,Miraan Chadha,devanshtrivedi@hotmail.com,Admin,Sales Executive,885944,2017-06-27
678,Neysa Dhingra,tarakismat@subramanian.org,Admin,Finance Analyst,1716104,2022-07-23
679,Charvi Viswanathan,sumer46@hotmail.com,HR,Admin Assistant,1912940,2021-04-23
680,Amira Sant,sganguly@bhatnagar.com,R&D,Admin Assistant,527796,2016-05-14
681,Sara Venkatesh,sastrydamini@hotmail.com,Finance,Senior Software Engineer,1317331,2017-05-07
682,Neysa Kulkarni,kiarabanik@hotmail.com,Admin,Operations Manager,1441178,2022-08-07
683,Prerak Sheth,ldash@yahoo.com,Finance,Marketing Specialist,1532911,2025-01-12
684,Hansh Maharaj,brarmiraya@thaman-kata.com,Operations,Marketing Specialist,1956720,2019-07-11
685,Tiya Bahri,iamble@hotmail.com,Operations,Marketing Specialist,570322,2016-10-03
686,Priyansh Chacko,rajajiya@hotmail.com,Sales,Admin Assistant,382222,2019-06-08
687,Yasmin Tata,echaudhary@chauhan-jayaraman.org,IT,Marketing Specialist,571468,2021-01-06
688,Rati Bedi,satherania@goswami.com,Engineering,Team Lead,810205,2021-01-25
689,Anahi Ghosh,jayant44@borah-dayal.net,Marketing,HR Executive,406683,2019-02-20
690,Ahana  Bhalla,kiaradubey@wason.com,Admin,Sales Executive,780101,2018-02-28
691,Faiyaz Wali,misha48@chatterjee.com,R&D,Marketing Specialist,319562,2016-11-16
692,Miraan Golla,desaibhamini@hotmail.com,Marketing,Team Lead,1862588,2016-07-04
693,Lavanya Goel,yakshitdutt@hegde.com,Finance,Marketing Specialist,1248767,2018-12-18
694,Yuvraj  Yadav,bgandhi@hotmail.com,Operations,Admin Assistant,390815,2024-05-24
695,Siya Sarin,fyohannan@yahoo.com,Operations,HR Executive,357470,2017-12-03
696,Taimur Shah,veer91@rana.org,Support,Operations Manager,857750,2017-12-26
697,Hiran Dass,arhaan98@bora.info,R&D,Software Engineer,1504668,2022-01-29
698,Misha Loke,basakmyra@hotmail.com,Sales,Finance Analyst,1446591,2016-12-30
699,Onkar Dugal,lchopra@yahoo.com,Finance,HR Executive,948293,2023-08-15
700,Ahana  Shere,aarna30@hotmail.com,IT,Team Lead,1498238,2015-02-07
701,Vritika Sibal,samairavyas@keer-kothari.com,Admin,Manager,660951,2023-11-06
702,Zara Dyal,jayant71@gmail.com,R&D,Admin Assistant,1244617,2021-10-28
703,Rania Shere,ochhabra@hotmail.com,Finance,Operations Manager,769624,2018-12-18
704,Lakshit Kala,prerakbarman@gmail.com,Support,Team Lead,694916,2020-06-24
705,Elakshi Ramanathan,kimayasarin@dhawan-subramanian.com,Sales,Marketing Specialist,1849029,2018-02-05
706,Shray Sankar,vanyadara@gmail.com,Support,Finance Analyst,718611,2022-04-15
707,Ahana  Sarkar,aayush68@gopal.net,Engineering,HR Executive,1932895,2017-10-20
708,Uthkarsh Choudhury,pihu82@gmail.com,Marketing,Team Lead,912483,2019-02-05
709,Nishith Deol,choudhrykismat@yahoo.com,Marketing,Team Lead,779766,2019-02-14
710,Ehsaan Rao,chadabiju@yahoo.com,IT,Operations Manager,1669338,2023-10-13
711,Vardaniya Kanda,salvikhushi@yahoo.com,R&D,Finance Analyst,1521322,2024-07-31
712,Prisha Baria,saksham76@gmail.com,HR,Operations Manager,1327697,2015-02-14
713,Rhea Cheema,kmangal@chatterjee-balasubramanian.com,Finance,Software Engineer,1498490,2015-09-10
714,Ela Vasa,nirvi98@hotmail.com,Support,Senior Software Engineer,314683,2019-11-19
715,Amani Sen,sarmahridaan@gmail.com,HR,Senior Software Engineer,660202,2023-01-22
716,Mamooty Tandon,bkibe@yahoo.com,Admin,HR Executive,1413542,2021-06-26
717,Krish Doctor,zachariayuvraj@edwin.com,Finance,Software Engineer,1557233,2018-10-05
718,Zeeshan Bose,lakshit64@gmail.com,Admin,Manager,1852340,2018-04-08
719,Eshani Mangat,diyaagarwal@gmail.com,Admin,Software Engineer,1138939,2021-03-28
720,Faiyaz Som,kchaudhuri@anne.com,Admin,Manager,1510167,2016-04-06
721,Yuvaan Ghosh,lakshitjhaveri@thaker.org,Operations,Operations Manager,1170258,2017-05-08
722,Anahi Doshi,yvig@varghese.com,Operations,HR Executive,1512165,2015-08-19
723,Anaya Sachdev,majumdardevansh@gmail.com,HR,Senior Software Engineer,1839615,2020-11-22
724,Jayan Thakur,advik97@yahoo.com,R&D,Manager,1702686,2015-02-12
725,Tarini Batta,amiravarghese@gmail.com,R&D,Manager,995025,2025-01-18
726,Indranil Dora,ehsaanbhandari@choudhry.com,R&D,HR Executive,1942236,2024-05-26
727,Devansh Garg,mohanlal47@srinivas.info,Support,Team Lead,669596,2015-04-12
728,Abram Savant,csubramaniam@borde.org,Operations,Software Engineer,1228569,2016-04-01
729,Nayantara Tara,aaryahichaudhari@borde-dhar.com,HR,Finance Analyst,625332,2024-03-01
730,Shalv Kanda,nirvaan42@saraf.com,R&D,Manager,1295550,2024-04-10
731,Eva Contractor,rasha91@dhaliwal.net,Operations,Manager,668425,2017-05-31
732,Lavanya Sura,ira93@sura.com,R&D,Software Engineer,1776052,2020-12-27
733,Purab Sandhu,swagle@deo-chana.com,Marketing,Marketing Specialist,498826,2015-02-05
734,Navya Varughese,arnavborde@gmail.com,HR,Software Engineer,1743657,2021-08-06
735,Anya Malhotra,xdugal@yahoo.com,Support,Sales Executive,1825701,2016-03-28
736,Eshani Chaudry,goelnirvi@hotmail.com,IT,Senior Software Engineer,1000448,2016-10-08
737,Aarna Swaminathan,galarenee@sundaram.com,HR,Sales Executive,436032,2019-02-20
738,Siya Lal,gokhalehrishita@datta.biz,Engineering,Admin Assistant,1027185,2016-12-07
739,Dharmajan Karan,singhivana@hans.info,R&D,Operations Manager,720789,2023-12-27
740,Arnav Kothari,pkade@tank.org,IT,Team Lead,1386376,2017-08-15
741,Nitya Sawhney,udugar@sen-choudhary.com,HR,Software Engineer,1680465,2023-06-24
742,Tiya Dara,tgulati@sastry.com,Support,Team Lead,710642,2024-04-07
743,Gatik Rastogi,mghosh@hotmail.com,HR,HR Executive,1799409,2023-11-25
744,Darshit Bal,ddhaliwal@toor-chhabra.com,IT,Sales Executive,753976,2021-08-24
745,Kavya Golla,balavaibhav@gmail.com,R&D,Manager,1478187,2019-03-21
746,Ivan Sekhon,xarya@hotmail.com,HR,Manager,474337,2022-07-30
747,Aniruddh Comar,lavanya47@dyal.com,Operations,Sales Executive,1119302,2017-03-11
748,Charvi Chatterjee,krish46@kata.org,Finance,HR Executive,1353934,2019-04-24
749,Dhruv Sidhu,stripathi@bahri-soman.com,R&D,Team Lead,1681264,2019-03-02
750,Adah Sankar,hanshdugal@vala-shah.com,Marketing,Manager,1047838,2022-08-25
751,Shlok Loke,lbhatt@koshy.org,HR,Finance Analyst,837348,2022-05-20
752,Gokul Choudhary,taranbedi@yahoo.com,HR,Sales Executive,723917,2020-09-25
753,Hridaan Ben,hazelshroff@hotmail.com,Marketing,Software Engineer,602748,2019-01-29
754,Taimur Mall,wbuch@hotmail.com,Marketing,Operations Manager,1816015,2020-05-24
755,Divit Ramesh,neelofar22@yahoo.com,IT,Software Engineer,816905,2022-12-19
756,Yashvi Dixit,khushidixit@mandal-arya.org,R&D,Finance Analyst,1028710,2019-06-26
757,Miraan Srinivas,igokhale@madan.com,R&D,Team Lead,997214,2019-08-01
758,Himmat Sarkar,kiaangrover@bhatti.net,IT,Manager,1709948,2016-05-09
759,Uthkarsh Rastogi,vbhattacharyya@hotmail.com,Marketing,Team Lead,868843,2018-05-01
760,Devansh Mallick,ramvihaan@gmail.com,Admin,Manager,1464968,2022-07-26
761,Oorja Buch,mannatkale@kumer.net,HR,Software Engineer,556190,2022-06-29
762,Nirvaan Bhatt,isrivastava@yahoo.com,Support,Manager,1719119,2022-11-11
763,Nishith Tara,lganesh@mann.com,Operations,Marketing Specialist,731454,2017-10-09
764,Aarav Kata,khatriprisha@gmail.com,IT,Finance Analyst,1005240,2022-07-05
765,Hazel Gola,bhardwajtaran@wali.com,Finance,Marketing Specialist,1189633,2020-06-25
766,Vardaniya Rastogi,amanichowdhury@yahoo.com,Admin,Team Lead,1746326,2018-03-28
767,Khushi Venkatesh,fateh50@gmail.com,R&D,Senior Software Engineer,1212038,2022-06-22
768,Yakshit Dar,samihajhaveri@yahoo.com,Engineering,Software Engineer,836557,2022-06-24
769,Ehsaan Dhar,lokejivika@sachar-ben.org,HR,Software Engineer,1381391,2023-12-27
770,Farhan Joshi,kiaandalia@rastogi-sundaram.net,Admin,Finance Analyst,1282358,2016-04-24
771,Aradhya Barad,chadaseher@gmail.com,Admin,Finance Analyst,851380,2015-03-28
772,Parinaaz Divan,chaudhurigokul@shankar.info,IT,HR Executive,1181062,2021-09-19
773,Inaaya  Loyal,ishitaarya@gmail.com,R&D,Senior Software Engineer,1827606,2019-12-17
774,Ritvik Kala,fsundaram@yahoo.com,Operations,Manager,1916540,2015-12-14
775,Jayan Lad,guhazoya@gmail.com,R&D,Senior Software Engineer,1660486,2021-09-05
776,Jivika Sem,saksham76@bobal.net,IT,Marketing Specialist,1957939,2024-11-17
777,Seher Rana,cwali@yahoo.com,Operations,Sales Executive,1278105,2023-12-01
778,Jayan Seth,joshidarshit@wason-sodhi.org,Operations,Finance Analyst,528555,2018-12-09
779,Nakul Gera,gdin@hotmail.com,Finance,Finance Analyst,684710,2021-03-01
780,Anahi Ramaswamy,horareyansh@buch-bath.com,Sales,Senior Software Engineer,1170902,2020-01-09
781,Sahil Dixit,rajumanjari@raju.com,Engineering,HR Executive,315686,2020-06-03
782,Vritika Trivedi,bsalvi@deshmukh.com,IT,Admin Assistant,1454534,2019-08-07
783,Krish Khare,ela19@gmail.com,Admin,Finance Analyst,1195269,2016-10-20
784,Renee Ray,sdube@chaudhary.biz,Support,Sales Executive,1013267,2019-10-07
785,Uthkarsh Ganguly,dhillonmiraan@hotmail.com,Engineering,HR Executive,1906157,2018-04-30
786,Rania Verma,balakrishnanhridaan@hotmail.com,Support,Software Engineer,1175423,2018-01-24
787,Ivan Vasa,prerak48@yahoo.com,Sales,Software Engineer,1879360,2024-04-08
788,Sana Mane,balbadal@gmail.com,Finance,Software Engineer,1368481,2022-12-27
789,Elakshi Majumdar,pkumar@deshmukh-mangat.com,Admin,Team Lead,852820,2020-01-29
790,Divit Goel,manderyasmin@butala.info,Sales,Marketing Specialist,1622832,2018-03-22
791,Taimur Mandal,kgupta@keer.com,Support,Manager,774779,2019-08-08
792,Divit Upadhyay,mastersaksham@gmail.com,Operations,Finance Analyst,1007186,2018-12-27
793,Nirvi Deshmukh,sridharrati@hotmail.com,Sales,Admin Assistant,943505,2022-08-09
794,Jhanvi Raj,tellanehmat@hotmail.com,Support,Software Engineer,1591082,2017-02-06
795,Pranay Kapur,saanvi13@yahoo.com,Engineering,Marketing Specialist,1913384,2021-06-24
796,Jayesh Ram,zbehl@yahoo.com,Admin,Software Engineer,1451804,2016-04-27
797,Rasha Badami,sundaramdivyansh@yahoo.com,Engineering,Sales Executive,972756,2024-02-29
798,Ojas Chad,balakismat@yahoo.com,IT,Operations Manager,752579,2016-03-22
799,Baiju Sami,samihadevi@hotmail.com,Support,Marketing Specialist,1380230,2021-07-19
800,Lagan Goel,ibhatt@gmail.com,HR,Software Engineer,1195809,2019-03-14
801,Eshani Bakshi,anviandra@gmail.com,IT,Finance Analyst,1405340,2015-10-19
802,Shayak Bal,asandhu@hotmail.com,Support,Software Engineer,944713,2017-08-14
803,Pihu Shankar,dharmajan86@ganesan-brahmbhatt.com,R&D,Senior Software Engineer,1811548,2015-09-11
804,Hridaan Kohli,rastogimadhav@yahoo.com,IT,Software Engineer,1709561,2017-09-19
805,Shaan Chandran,jiyarege@yahoo.com,Sales,Finance Analyst,910712,2023-01-25
806,Jivika Vora,rrana@chanda-dutta.com,Engineering,Senior Software Engineer,1399949,2018-07-28
807,Kartik Ramesh,romil82@chowdhury.com,Support,Marketing Specialist,1721434,2016-01-16
808,Yashvi Saraf,siyabora@dalal.com,HR,Sales Executive,947736,2020-03-26
809,Azad Contractor,romilramachandran@hotmail.com,IT,HR Executive,1120489,2021-04-05
810,Kiaan Suri,choudhuryfaiyaz@yahoo.com,IT,Marketing Specialist,500432,2021-12-21
811,Inaaya  Wali,dbadal@gmail.com,R&D,Sales Executive,1841422,2020-09-19
812,Kiara Gola,diyaissac@banerjee.com,IT,Team Lead,318080,2023-02-23
813,Neelofar Ravi,crana@sodhi-hari.org,Support,Senior Software Engineer,1979377,2015-10-13
814,Arhaan Sanghvi,misha88@behl.biz,IT,Software Engineer,1745930,2021-10-28
815,Sara Balay,zbhakta@chad-tiwari.com,Support,Admin Assistant,347525,2021-11-14
816,Tanya Soni,sahil53@gmail.com,Support,Marketing Specialist,590000,2020-07-19
817,Shayak Sanghvi,anya55@yahoo.com,Engineering,Admin Assistant,1842825,2018-11-02
818,Purab Jayaraman,zmani@kaur.com,Marketing,Marketing Specialist,977686,2023-12-05
819,Diya Gour,jiya70@ravi-deep.com,Sales,Operations Manager,1737017,2023-03-05
820,Anay Sani,raniagoswami@dada-chada.com,Support,Senior Software Engineer,1079953,2020-08-17
821,Purab Bal,sairasamra@gmail.com,IT,Senior Software Engineer,414089,2023-06-24
822,Sana Kothari,shanaya41@gmail.com,Sales,HR Executive,1677354,2019-05-14
823,Kartik Saini,hunarbhagat@garg.com,R&D,Marketing Specialist,1746809,2015-11-26
824,Rania Yadav,lataaarush@gmail.com,R&D,HR Executive,750672,2022-04-19
825,Akarsh Sahni,obains@dash-balasubramanian.com,Finance,Team Lead,1964394,2018-10-01
826,Jivin Dhingra,nirvi71@gmail.com,Admin,Manager,300602,2019-12-02
827,Lavanya Saran,kulkarniamira@rout.com,IT,Admin Assistant,1208499,2024-09-02
828,Faiyaz Banerjee,pranay73@tak.com,Support,Senior Software Engineer,1861599,2017-08-17
829,Lavanya Yohannan,adeep@gmail.com,Marketing,Senior Software Engineer,1499800,2018-07-09
830,Zain Dani,fbabu@yahoo.com,R&D,Operations Manager,635549,2024-12-07
831,Mehul Sundaram,riyaraja@gmail.com,Operations,Sales Executive,1950130,2021-01-25
832,Ehsaan Bassi,gvarghese@kohli.com,Admin,Software Engineer,641689,2017-12-01
833,Shanaya Solanki,janidrishya@yahoo.com,Finance,Operations Manager,1370757,2016-09-22
834,Adira Choudhury,ritvikkorpal@gulati-sur.info,IT,Operations Manager,791640,2019-08-30
835,Ishaan Ranganathan,sibaldharmajan@yahoo.com,HR,Sales Executive,739897,2020-01-22
836,Yashvi Din,miraan00@tella.biz,Admin,Admin Assistant,1395195,2020-08-12
837,Manjari Sha,kadejivin@hotmail.com,Sales,Marketing Specialist,1134875,2018-06-11
838,Lakshit Chaudhari,shayak12@dasgupta-brahmbhatt.biz,Marketing,Operations Manager,841547,2018-05-29
839,Tiya Dasgupta,kannandharmajan@gmail.com,Engineering,Team Lead,1316902,2023-08-01
840,Jivika Ray,yasminbahl@gmail.com,R&D,Marketing Specialist,1570651,2019-05-15
841,Yasmin Sodhi,ksom@yahoo.com,Finance,Manager,1881300,2023-06-11
842,Ela Choudhary,indransdash@gmail.com,IT,Team Lead,1004237,2017-01-10
843,Kartik Ghosh,tejaszacharia@yahoo.com,Operations,Software Engineer,1896941,2019-08-09
844,Nitya Savant,chaudrymadhav@master.biz,Engineering,Finance Analyst,804936,2019-12-12
845,Zeeshan Karpe,cvyas@yahoo.com,Marketing,Marketing Specialist,1013370,2015-11-30
846,Jayesh Dixit,sehersuresh@thakur-srivastava.biz,HR,Senior Software Engineer,1302954,2019-10-18
847,Gokul Sibal,seherkonda@wali-golla.com,HR,Marketing Specialist,1231481,2021-09-21
848,Kabir Deep,arhaangola@yahoo.com,Engineering,Admin Assistant,807102,2022-09-10
849,Kartik Badami,lakshit69@yahoo.com,Support,Operations Manager,379340,2016-11-09
850,Mehul Borra,romil38@hotmail.com,Finance,Software Engineer,323120,2024-10-28
851,Ivan Sarraf,samiha69@cherian.com,Sales,Finance Analyst,1625389,2024-07-28
852,Lagan Dhaliwal,avarghese@korpal.info,Support,Marketing Specialist,645780,2024-09-25
853,Anika Kade,vedikasathe@malhotra.info,Marketing,Senior Software Engineer,924709,2024-02-18
854,Indranil Trivedi,madhav47@doshi-anand.com,Marketing,Team Lead,916802,2015-12-24
855,Akarsh Dey,ritvikramakrishnan@yahoo.com,HR,Software Engineer,776876,2018-04-03
856,Indrans Kanda,darmadhav@shere-mand.com,IT,Finance Analyst,497707,2020-11-29
857,Anaya Sachdev,jayesh72@yahoo.com,Engineering,Admin Assistant,790228,2016-11-11
858,Shamik Madan,tkarnik@ahluwalia-kanda.com,IT,Marketing Specialist,1736042,2016-05-05
859,Samaira Hegde,zainabir@mandal-chander.info,R&D,Software Engineer,840083,2017-11-24
860,Oorja Jayaraman,kotharirohan@yahoo.com,Admin,Manager,1642870,2017-03-28
861,Chirag Keer,jkala@maharaj-banerjee.com,Support,HR Executive,704499,2024-07-30
862,Dharmajan Kar,mallickritvik@gmail.com,Operations,Finance Analyst,366594,2018-12-14
863,Mehul Rama,sray@kapoor-aurora.com,Engineering,Marketing Specialist,719961,2016-07-12
864,Arnav Sarna,ahana-61@bhatia.com,IT,Finance Analyst,671011,2024-04-04
865,Anahi Balay,zgera@raval.com,Operations,Team Lead,1375569,2021-02-12
866,Anika Bawa,dhanushandra@gmail.com,R&D,HR Executive,944750,2019-11-02
867,Mahika Dhawan,madanoorja@choudhury.com,Marketing,Admin Assistant,1868381,2024-03-08
868,Hazel Sethi,viswanathanazad@kalita.com,Operations,Sales Executive,1881846,2021-07-21
869,Manjari Dar,sethmadhav@barad.com,Marketing,Finance Analyst,382468,2022-11-21
870,Farhan Garg,suhana93@chadha.net,Operations,Operations Manager,658198,2024-07-11
871,Kismat Dara,mehulthaker@gera.info,IT,Admin Assistant,474336,2024-08-02
872,Kiara Kurian,krish77@gmail.com,Finance,Senior Software Engineer,725161,2024-07-24
873,Advika D’Alia,zkapur@gmail.com,Admin,Marketing Specialist,1029023,2015-10-18
874,Elakshi Dua,zeeshanshukla@yahoo.com,HR,HR Executive,1862897,2021-06-01
875,Siya Kothari,oorjavenkataraman@hotmail.com,Marketing,Marketing Specialist,403946,2022-06-08
876,Ivana Bir,tara56@dutt-karan.org,Sales,Operations Manager,1449526,2023-09-08
877,Seher Sule,deokabir@yahoo.com,Sales,Marketing Specialist,903333,2021-12-06
878,Rhea Chakraborty,oorjarege@gmail.com,HR,Operations Manager,398149,2023-01-28
879,Jivika Kibe,nbalakrishnan@gmail.com,Finance,Sales Executive,1216923,2022-12-09
880,Piya Dara,wmallick@hotmail.com,R&D,Finance Analyst,814343,2024-01-29
881,Jayan Lalla,chandrabiju@gulati.com,HR,Operations Manager,1808951,2015-05-17
882,Pari Sandal,farhan99@bajaj-dixit.org,Admin,Team Lead,1149370,2017-08-10
883,Baiju Saha,banand@kakar.com,Marketing,Senior Software Engineer,1711510,2015-07-12
884,Misha Bhat,eshani15@hotmail.com,Engineering,Marketing Specialist,1634690,2021-10-01
885,Eshani Loyal,yvasa@yahoo.com,Admin,Sales Executive,1114383,2023-02-04
886,Miraya Dhingra,agoyal@sathe.info,HR,Marketing Specialist,904569,2024-07-24
887,Purab Sengupta,gsrinivas@gmail.com,HR,Sales Executive,999184,2022-08-01
888,Drishya Agate,lalzara@gmail.com,Support,Finance Analyst,1431854,2022-06-10
889,Mahika Sant,heer29@hotmail.com,Admin,Software Engineer,1353404,2022-12-29
890,Kismat Bhatti,mchander@sen.org,IT,Admin Assistant,1159861,2017-08-26
891,Ryan Hayre,farhan40@hotmail.com,Engineering,Operations Manager,506025,2023-09-12
892,Vritika Chada,aaryahi25@hotmail.com,Engineering,Software Engineer,339289,2017-01-16
893,Mannat Acharya,reneebahri@yahoo.com,Sales,Sales Executive,1201971,2024-03-13
894,Raghav Maharaj,bhallakimaya@gara-samra.com,Marketing,Marketing Specialist,1837816,2017-07-21
895,Hansh Chaudry,bansalhimmat@devan.com,Engineering,Team Lead,1021550,2017-07-12
896,Seher Shenoy,dharadvik@soman.net,HR,Team Lead,562218,2021-09-01
897,Rania Iyengar,shamikissac@gmail.com,Engineering,Admin Assistant,786289,2023-11-10
898,Zeeshan Kashyap,singhtaimur@gmail.com,Marketing,Manager,980886,2017-03-02
899,Yuvraj  Gupta,raghav40@bose-barad.net,Support,Senior Software Engineer,759154,2024-08-20
900,Zain Jaggi,nkant@soni.biz,Operations,Senior Software Engineer,1239022,2022-05-01
901,Parinaaz Kalita,ttripathi@hotmail.com,Finance,HR Executive,545365,2017-09-12
902,Kabir Srinivas,sanetanya@varty.biz,HR,Marketing Specialist,995512,2022-09-24
903,Rohan Ravi,shray57@hotmail.com,HR,Manager,1048978,2020-02-14
904,Onkar Krishnan,heervenkataraman@chaudhary.com,Engineering,Sales Executive,895202,2018-07-31
905,Priyansh Salvi,pdate@doctor.org,Support,Senior Software Engineer,1763631,2024-05-27
906,Advik Badal,tatasamar@apte-shankar.biz,Sales,Admin Assistant,1487028,2020-02-25
907,Nitara Bahl,inaaya-agate@sahni.com,R&D,Software Engineer,765145,2018-04-16
908,Kimaya Sabharwal,rsengupta@babu.com,R&D,Finance Analyst,790263,2017-02-10
909,Keya Gole,mangatishita@gmail.com,Support,Manager,511361,2015-11-27
910,Ira Iyer,jdalia@chad-dube.org,Finance,Sales Executive,1231148,2017-01-14
911,Biju Rastogi,dishani84@hari.info,Finance,Senior Software Engineer,589649,2022-09-13
912,Purab Sekhon,alishazacharia@atwal.com,Marketing,Marketing Specialist,1454749,2023-12-31
913,Saanvi Sehgal,samairadara@srinivas-sami.com,Support,Sales Executive,1919602,2016-01-01
914,Saanvi Vora,lallhridaan@hotmail.com,Support,Finance Analyst,715001,2015-05-26
915,Aaryahi Taneja,nitya45@choudhry.biz,Engineering,Software Engineer,852780,2018-05-01
916,Lavanya Kala,rkeer@chand.info,Finance,Manager,1933874,2016-11-03
917,Rasha Golla,bhaktaeva@yahoo.com,Marketing,Marketing Specialist,1006932,2020-02-07
918,Hridaan Behl,mirayaratta@hotmail.com,IT,Team Lead,1664398,2019-04-12
919,Lakshay Karnik,amiracontractor@hari-sundaram.info,Operations,Marketing Specialist,1256041,2016-04-06
920,Hrishita Tripathi,yagate@ahluwalia.com,Engineering,Admin Assistant,376872,2022-05-28
921,Tanya Agate,iyengardishani@yahoo.com,Sales,Software Engineer,601184,2016-08-19
922,Shanaya Sule,ebandi@wadhwa.com,Admin,Admin Assistant,1668626,2024-07-14
923,Parinaaz Aggarwal,madhupkeer@gmail.com,Operations,Operations Manager,1931812,2021-06-13
924,Dharmajan Kanda,kalatushar@gmail.com,R&D,Team Lead,905076,2023-09-28
925,Inaaya  Soman,ysunder@gmail.com,IT,Sales Executive,1215438,2015-07-09
926,Ishaan Behl,soodelakshi@gmail.com,Finance,Sales Executive,1832367,2017-03-05
927,Raunak Bajaj,divantaimur@agrawal-rajagopalan.org,Admin,Finance Analyst,1574803,2019-12-05
928,Zara Dash,saxenarati@deol.com,HR,Marketing Specialist,423921,2016-01-10
929,Samiha Sunder,grewalonkar@hotmail.com,HR,Senior Software Engineer,756861,2016-12-06
930,Abram Kota,xram@yahoo.com,Finance,Manager,1984246,2017-05-12
931,Kimaya Chakrabarti,kartik58@bhasin-dhar.info,IT,Finance Analyst,951184,2023-09-13
932,Inaaya  Mall,hansh53@hotmail.com,Support,Sales Executive,1633174,2015-12-07
933,Ryan Acharya,mchakrabarti@borah.biz,Marketing,Sales Executive,1791074,2022-09-02
934,Jhanvi Sandhu,stuvan50@dutt-deol.org,Operations,HR Executive,737008,2018-02-04
935,Nishith Ghose,manikya71@yahoo.com,Support,Finance Analyst,315612,2016-08-23
936,Ahana  Ramanathan,goyalela@anand-tandon.com,Engineering,Finance Analyst,919889,2021-11-30
937,Inaaya  Bhatnagar,mlad@hotmail.com,R&D,Software Engineer,480028,2024-06-29
938,Advika Dhaliwal,dinhansh@gmail.com,Operations,Team Lead,1515747,2019-10-17
939,Miraan Yadav,bhattinirvi@gmail.com,Marketing,Senior Software Engineer,455951,2018-01-13
940,Prerak Rajan,indranil54@lall.info,Engineering,Admin Assistant,337218,2016-04-25
941,Madhav Hegde,manikya22@jhaveri.com,Admin,Marketing Specialist,1093255,2015-07-13
942,Saira Varughese,dishanimangal@thakkar-kota.com,Finance,Admin Assistant,769085,2020-03-22
943,Nakul Manne,ramaswamymisha@bal-joshi.com,Admin,Senior Software Engineer,1560585,2023-06-17
944,Fateh Dalal,shanaya57@yahoo.com,Operations,Marketing Specialist,1997328,2020-01-25
945,Aradhya Kibe,vanya39@sarkar-master.biz,Admin,Marketing Specialist,1713292,2024-03-24
946,Emir Agate,navyavenkataraman@bhalla.com,Engineering,HR Executive,589697,2024-05-20
947,Shanaya Saini,indrajit03@sule-gera.com,Operations,Operations Manager,1899238,2024-04-07
948,Nakul Tailor,atwalyashvi@mangal.com,Finance,Marketing Specialist,894253,2015-09-08
949,Nirvaan Chaudhary,tushar25@agate-mall.biz,Marketing,Marketing Specialist,839111,2016-09-25
950,Vidur Kant,koshylavanya@yahoo.com,R&D,Finance Analyst,856696,2017-06-28
951,Rania Bava,reyansh62@mahajan.com,Admin,Admin Assistant,1166408,2022-12-06
952,Miraan Ghosh,srivastavakiara@yahoo.com,Marketing,Marketing Specialist,1135269,2016-09-21
953,Riaan Mane,gadesana@chauhan.biz,Engineering,Operations Manager,649294,2021-11-11
954,Kavya Deshmukh,lataneelofar@hotmail.com,Operations,Software Engineer,1231119,2023-09-25
955,Divit Dara,dhruvjaggi@korpal.org,Finance,Operations Manager,384781,2021-11-07
956,Tara Rajan,chaudhuripriyansh@loyal-dey.com,Engineering,Finance Analyst,1503146,2023-10-10
957,Nakul Gera,mbhagat@gmail.com,Marketing,Operations Manager,1171280,2015-08-30
958,Jhanvi Banerjee,smani@ranganathan.com,Admin,Sales Executive,1695637,2023-02-17
959,Devansh Kalita,xrege@yahoo.com,Engineering,Sales Executive,1133621,2019-09-23
960,Krish Khosla,lsastry@yahoo.com,Operations,Admin Assistant,936849,2023-09-19
961,Stuvan Choudhry,samarthhegde@kale.com,Finance,Operations Manager,1606267,2022-10-05
962,Krish Choudhury,trivedidrishya@ray.com,HR,Manager,758975,2020-02-10
963,Kartik Khosla,gatik20@hotmail.com,Admin,Admin Assistant,1501739,2022-08-21
964,Urvi Mangat,balhunar@hotmail.com,Admin,HR Executive,429609,2022-10-31
965,Yasmin Mahal,vaibhavsha@reddy.com,Operations,Sales Executive,1500354,2024-02-21
966,Tarini Saxena,pdass@bhandari-dugal.com,R&D,Marketing Specialist,1906076,2024-12-02
967,Ranbir Sant,eshani89@gmail.com,IT,Operations Manager,634789,2019-10-25
968,Nayantara Lall,dhanuk65@ganguly-master.com,Engineering,Sales Executive,655527,2020-10-27
969,Madhav Char,chadhasamiha@gmail.com,Admin,Senior Software Engineer,1275882,2019-01-20
970,Anay Seth,obhardwaj@rao-gokhale.com,Finance,Admin Assistant,1241526,2022-01-11
971,Nitara Chander,ahujavaibhav@dhawan.biz,Operations,Software Engineer,1092137,2019-02-03
972,Anaya Boase,dishani45@deol-garde.com,Sales,Operations Manager,1567231,2019-08-22
973,Purab Dara,nirvaanyadav@yahoo.com,Operations,Senior Software Engineer,1468119,2020-08-04
974,Reyansh Bajaj,bordeanika@mani.biz,Marketing,Finance Analyst,476504,2021-08-27
975,Mehul Kalla,rdivan@gmail.com,Operations,Admin Assistant,1592433,2022-12-08
976,Renee Rajan,aradhyacherian@gmail.com,Sales,Sales Executive,1182560,2023-08-02
977,Dhruv Bahl,parinaaz89@chad.net,R&D,HR Executive,604138,2019-08-31
978,Bhamini Borde,kanttrisha@yahoo.com,Marketing,Manager,1917923,2019-12-28
979,Gokul Gole,uwadhwa@hotmail.com,Sales,HR Executive,900630,2015-03-22
980,Aarush Raman,wbarad@hotmail.com,IT,Marketing Specialist,686308,2018-02-12
981,Indrans Lal,dhillondhanush@kadakia.com,HR,Operations Manager,395066,2023-05-01
982,Shaan Shere,divitraval@mani.com,R&D,Team Lead,647377,2021-06-14
983,Anahita Kapur,elakshiwali@sachar-balay.com,Sales,Manager,675652,2019-08-01
984,Renee Chander,kibeanahi@jayaraman.biz,Marketing,Marketing Specialist,1985031,2017-11-02
985,Ela Rege,adeep@bhatia.com,R&D,Sales Executive,1316111,2015-11-17
986,Shanaya Hayre,oahluwalia@dyal.org,Finance,Finance Analyst,1012027,2020-04-15
987,Vidur Mahajan,aaravlad@sura.org,Admin,Software Engineer,545446,2019-01-19
988,Samaira Comar,saranayesha@sanghvi-borde.com,HR,Team Lead,1397518,2021-09-23
989,Mahika Mani,deolfarhan@hotmail.com,HR,Manager,1602182,2020-09-21
990,Advik Dhar,ayesha55@hotmail.com,Finance,Sales Executive,1327442,2021-06-07
991,Kimaya Apte,raviyakshit@gmail.com,Admin,Senior Software Engineer,301912,2024-04-26
992,Jhanvi Chadha,ramanathanaaryahi@rout-bhatt.com,Admin,Sales Executive,893958,2024-12-02
993,Charvi Kurian,dbhagat@hotmail.com,Finance,Operations Manager,778109,2020-10-01
994,Faiyaz Deep,inaaya-aggarwal@hotmail.com,IT,Finance Analyst,1205462,2017-03-05
995,Parinaaz Hora,nbakshi@hotmail.com,Finance,Admin Assistant,671912,2015-08-03
996,Nehmat Lala,kumerzain@gmail.com,Marketing,Finance Analyst,662706,2018-07-12
997,Mamooty Thaker,madhav25@gmail.com,Sales,Manager,636988,2018-03-06
998,Saanvi Dutt,nehmat73@garg-wadhwa.com,Marketing,Sales Executive,311372,2023-07-14
999,Divij Baral,ahana-goyal@shere.org,HR,Manager,1152539,2020-06-22
1000,Aarush Wali,chackoyakshit@yahoo.com,Finance,Finance Analyst,1975682,2018-12-16
